"id","dataelement","categoryoptioncombo"
1,jd8YHK81EYe,HllvX50cXC0
2,HHKeuwKNIVs,HllvX50cXC0
3,awIGUZcH260,HllvX50cXC0
4,oCig5lw6NFd,HllvX50cXC0
5,RjVFFtBf0fQ,HllvX50cXC0
6,DYQgUlAEiPn,HllvX50cXC0
7,WKV9sj5Chfn,j08vF9Q3MtR
8,WKV9sj5Chfn,zATcqMicCq6
9,WKV9sj5Chfn,S5jKvo4zK92
10,WKV9sj5Chfn,JT7ZfsZzRC7
11,WKV9sj5Chfn,cX3nLMMtk8a
12,WKV9sj5Chfn,pFKnh5wE23R
13,WKV9sj5Chfn,HvgRiNVsRdp
14,WKV9sj5Chfn,XX7Uh0aJaSv
15,WKV9sj5Chfn,preyOH6yQyj
16,WKV9sj5Chfn,HAIojac4Pi7
17,BoijrqQ5Ps7,HllvX50cXC0
18,wV8nR3BE26Q,HllvX50cXC0
19,ioFXvXGyrFY,HllvX50cXC0
20,k2KWIqur4Y4,HllvX50cXC0
21,Nom9GuqL4sP,HllvX50cXC0
22,dyqz9XNZZsG,HllvX50cXC0
23,d9f2PISTS6A,HllvX50cXC0
24,Mc699LEaRUi,HllvX50cXC0
25,eJENCjNHCU9,HllvX50cXC0
26,V4F9DIaEfke,HllvX50cXC0
27,OuUfsq2oCzQ,HllvX50cXC0
28,DIRN2TXutjA,HllvX50cXC0
29,W9gXEMdxmZU,HllvX50cXC0
30,UnoKFNaPlS4,HllvX50cXC0
31,Qe5ONxeulUd,j08vF9Q3MtR
32,Qe5ONxeulUd,zATcqMicCq6
33,Qe5ONxeulUd,S5jKvo4zK92
34,Qe5ONxeulUd,JT7ZfsZzRC7
35,Qe5ONxeulUd,cX3nLMMtk8a
36,Qe5ONxeulUd,pFKnh5wE23R
37,Qe5ONxeulUd,HvgRiNVsRdp
38,Qe5ONxeulUd,XX7Uh0aJaSv
39,Qe5ONxeulUd,preyOH6yQyj
40,Qe5ONxeulUd,HAIojac4Pi7
41,lyKbbP7LeTH,HllvX50cXC0
42,LiW290bpl4d,HllvX50cXC0
43,Fck9FzNPbwj,HllvX50cXC0
44,qnEaYKEvLJt,HllvX50cXC0
45,zjXiES7tQWI,HllvX50cXC0
46,UMWxzjiDLIN,HllvX50cXC0
47,gwc2FljFEe2,HllvX50cXC0
48,KcPVbxLwIoD,HllvX50cXC0
49,rRgPeS1TPDY,HllvX50cXC0
50,dHBQ4tnISlq,HllvX50cXC0
51,R8U2KwDlBp1,HllvX50cXC0
52,ozre5Ynz0z6,HllvX50cXC0
53,aHEz1agukWH,HllvX50cXC0
54,uWtpqtpAB1x,HllvX50cXC0
55,YMJHKWJRY22,BeRF3zMEZbH
56,YMJHKWJRY22,VtGL2a02Zdy
57,YMJHKWJRY22,tNcj45HOMtN
58,YMJHKWJRY22,zeiKRhhLTgG
59,YMJHKWJRY22,S0V1yKFSmIK
60,YMJHKWJRY22,G00QudFigfT
61,YMJHKWJRY22,onPBAc3DQta
62,YMJHKWJRY22,WzRVmX4LwLX
63,YMJHKWJRY22,e76NoYiPLJD
64,zMcPisBKSZM,HllvX50cXC0
65,ro2teNSPV6w,HllvX50cXC0
66,ogYnCsbEYDW,HllvX50cXC0
67,R1dNOZmUFBN,X9MHIf0Wm6y
68,R1dNOZmUFBN,WeHrikdo7oo
69,R1dNOZmUFBN,hPnuIjnYi9C
70,R1dNOZmUFBN,eSNEiqOgZ03
71,R1dNOZmUFBN,Jy5IeplgNcs
72,R1dNOZmUFBN,VgMvVNtkUPv
73,R1dNOZmUFBN,Fh2PZJLtV3U
74,R1dNOZmUFBN,bOIEbuipQ0H
75,R1dNOZmUFBN,p3TAhB2UZiS
76,R1dNOZmUFBN,xvR3x8vLvRK
77,R1dNOZmUFBN,efl41btBUk9
78,R1dNOZmUFBN,ccisVG8SxHv
79,R1dNOZmUFBN,ZG21E9j1Bod
80,R1dNOZmUFBN,UdeU9gsKqI3
81,R1dNOZmUFBN,DI0hjMRK5Zh
82,R1dNOZmUFBN,ov2i9IayA9m
83,R1dNOZmUFBN,qX0d8PnsJvA
84,R1dNOZmUFBN,WkldENuMjt8
85,R1dNOZmUFBN,z9OAlfoLrhF
86,R1dNOZmUFBN,xhGDprZjJIy
87,R1dNOZmUFBN,KMjCdte3nlv
88,R1dNOZmUFBN,ameRGjO5AW3
89,R1dNOZmUFBN,LncgC06sQdO
90,R1dNOZmUFBN,LQQ8pGWtkiH
91,R1dNOZmUFBN,UXnM8Pm6vP0
92,R1dNOZmUFBN,ksXHrNHHHtY
93,R1dNOZmUFBN,bfTAqApCiIb
94,R1dNOZmUFBN,nm7Wxy7HTuy
95,R1dNOZmUFBN,o9EG0vv4RnO
96,R1dNOZmUFBN,rZLHuzg0Ayi
97,R1dNOZmUFBN,KrzsPmVyImR
98,R1dNOZmUFBN,Xyw52ZcXySb
99,R1dNOZmUFBN,rkY5vfbP0SS
100,R1dNOZmUFBN,Fs6BHLQjg0X
101,R1dNOZmUFBN,ynUrqiup3kq
102,R1dNOZmUFBN,jyFTrTgVa4f
103,R1dNOZmUFBN,Q4x8VVc7mIr
104,R1dNOZmUFBN,gc1jRPFfixe
105,R1dNOZmUFBN,O5LjnhjNuTx
106,R1dNOZmUFBN,ZFaU7TaQRZp
107,R1dNOZmUFBN,FbXf2g4uhos
108,R1dNOZmUFBN,iCcPaU1SKnO
109,R1dNOZmUFBN,gKitHl8ew3R
110,R1dNOZmUFBN,Ac7sRwrAia6
111,R1dNOZmUFBN,l6wDtNtWMD6
112,fBNWix8sx8S,HllvX50cXC0
113,n3OHiESS8Jn,HllvX50cXC0
114,Zgg5oLWUf09,HllvX50cXC0
115,Q5NfznovGC7,HllvX50cXC0
116,kSwSG779NDj,X9MHIf0Wm6y
117,kSwSG779NDj,WeHrikdo7oo
118,kSwSG779NDj,hPnuIjnYi9C
119,kSwSG779NDj,eSNEiqOgZ03
120,kSwSG779NDj,Jy5IeplgNcs
121,kSwSG779NDj,VgMvVNtkUPv
122,kSwSG779NDj,Fh2PZJLtV3U
123,kSwSG779NDj,bOIEbuipQ0H
124,kSwSG779NDj,p3TAhB2UZiS
125,kSwSG779NDj,xvR3x8vLvRK
126,kSwSG779NDj,efl41btBUk9
127,kSwSG779NDj,ccisVG8SxHv
128,kSwSG779NDj,ZG21E9j1Bod
129,kSwSG779NDj,UdeU9gsKqI3
130,kSwSG779NDj,DI0hjMRK5Zh
131,kSwSG779NDj,ov2i9IayA9m
132,kSwSG779NDj,qX0d8PnsJvA
133,kSwSG779NDj,WkldENuMjt8
134,kSwSG779NDj,z9OAlfoLrhF
135,kSwSG779NDj,xhGDprZjJIy
136,kSwSG779NDj,KMjCdte3nlv
137,kSwSG779NDj,ameRGjO5AW3
138,kSwSG779NDj,LncgC06sQdO
139,kSwSG779NDj,LQQ8pGWtkiH
140,kSwSG779NDj,UXnM8Pm6vP0
141,kSwSG779NDj,ksXHrNHHHtY
142,kSwSG779NDj,bfTAqApCiIb
143,kSwSG779NDj,nm7Wxy7HTuy
144,kSwSG779NDj,o9EG0vv4RnO
145,kSwSG779NDj,rZLHuzg0Ayi
146,kSwSG779NDj,KrzsPmVyImR
147,kSwSG779NDj,Xyw52ZcXySb
148,kSwSG779NDj,rkY5vfbP0SS
149,kSwSG779NDj,Fs6BHLQjg0X
150,kSwSG779NDj,ynUrqiup3kq
151,kSwSG779NDj,jyFTrTgVa4f
152,kSwSG779NDj,Q4x8VVc7mIr
153,kSwSG779NDj,gc1jRPFfixe
154,kSwSG779NDj,O5LjnhjNuTx
155,kSwSG779NDj,ZFaU7TaQRZp
156,kSwSG779NDj,FbXf2g4uhos
157,kSwSG779NDj,iCcPaU1SKnO
158,kSwSG779NDj,gKitHl8ew3R
159,kSwSG779NDj,Ac7sRwrAia6
160,kSwSG779NDj,l6wDtNtWMD6
161,ldTrNYjbnPM,HllvX50cXC0
162,c4FgNxFa8M1,HllvX50cXC0
163,nAPg66rGeOq,HllvX50cXC0
164,jUSTWmbSjBP,HllvX50cXC0
165,XWAeQWFCSOP,HllvX50cXC0
166,nvApb8XztMw,HllvX50cXC0
167,KvLgrcwvZgW,HllvX50cXC0
168,ErsezpC2yVP,HllvX50cXC0
169,XAZ1aPt8emf,HllvX50cXC0
170,hRQzWP9Vf2I,HllvX50cXC0
171,ogPzhS1PmWv,HllvX50cXC0
172,wopTt6jkxVE,HllvX50cXC0
173,ZIQ7PxeJear,HllvX50cXC0
174,hN1rHraRHo1,j08vF9Q3MtR
175,hN1rHraRHo1,zATcqMicCq6
176,hN1rHraRHo1,S5jKvo4zK92
177,hN1rHraRHo1,JT7ZfsZzRC7
178,hN1rHraRHo1,cX3nLMMtk8a
179,hN1rHraRHo1,pFKnh5wE23R
180,hN1rHraRHo1,HvgRiNVsRdp
181,hN1rHraRHo1,XX7Uh0aJaSv
182,hN1rHraRHo1,preyOH6yQyj
183,hN1rHraRHo1,HAIojac4Pi7
184,pGDRIjvl39Q,HllvX50cXC0
185,TN0mmttzxnd,HllvX50cXC0
186,E1hXOuRHxwa,HllvX50cXC0
187,U3PMfuxLkg1,HllvX50cXC0
188,MQkfVna7ir2,HllvX50cXC0
189,RLVHiuIIcsi,HllvX50cXC0
190,nlQ2XHHaB5L,HllvX50cXC0
191,rNbbIYr9Aua,HllvX50cXC0
192,QMf9LkI1COW,HllvX50cXC0
193,LBveCUC8bJ1,j08vF9Q3MtR
194,LBveCUC8bJ1,zATcqMicCq6
195,LBveCUC8bJ1,S5jKvo4zK92
196,LBveCUC8bJ1,JT7ZfsZzRC7
197,LBveCUC8bJ1,cX3nLMMtk8a
198,LBveCUC8bJ1,pFKnh5wE23R
199,LBveCUC8bJ1,HvgRiNVsRdp
200,LBveCUC8bJ1,XX7Uh0aJaSv
201,LBveCUC8bJ1,preyOH6yQyj
202,LBveCUC8bJ1,HAIojac4Pi7
203,Gn7wY2wbVyq,HllvX50cXC0
204,S3PQSMMgwfn,HllvX50cXC0
205,QJdfRaRkF3t,HllvX50cXC0
206,D1cZoWEpVZr,HllvX50cXC0
207,CYljKwvukWJ,HllvX50cXC0
208,tleuJ6SCAQO,HllvX50cXC0
209,LlmOMckusbn,HllvX50cXC0
210,YW1LKh5m22o,HllvX50cXC0
211,gpYLUiKrNHx,HllvX50cXC0
212,HLSOl6fGZbm,HllvX50cXC0
213,adziW8wj1ke,X9MHIf0Wm6y
214,adziW8wj1ke,WeHrikdo7oo
215,adziW8wj1ke,hPnuIjnYi9C
216,adziW8wj1ke,eSNEiqOgZ03
217,adziW8wj1ke,Jy5IeplgNcs
218,adziW8wj1ke,VgMvVNtkUPv
219,adziW8wj1ke,Fh2PZJLtV3U
220,adziW8wj1ke,bOIEbuipQ0H
221,adziW8wj1ke,p3TAhB2UZiS
222,adziW8wj1ke,xvR3x8vLvRK
223,adziW8wj1ke,efl41btBUk9
224,adziW8wj1ke,ccisVG8SxHv
225,adziW8wj1ke,ZG21E9j1Bod
226,adziW8wj1ke,UdeU9gsKqI3
227,adziW8wj1ke,DI0hjMRK5Zh
228,adziW8wj1ke,ov2i9IayA9m
229,adziW8wj1ke,qX0d8PnsJvA
230,adziW8wj1ke,WkldENuMjt8
231,adziW8wj1ke,z9OAlfoLrhF
232,adziW8wj1ke,xhGDprZjJIy
233,adziW8wj1ke,KMjCdte3nlv
234,adziW8wj1ke,ameRGjO5AW3
235,adziW8wj1ke,LncgC06sQdO
236,adziW8wj1ke,LQQ8pGWtkiH
237,adziW8wj1ke,UXnM8Pm6vP0
238,adziW8wj1ke,ksXHrNHHHtY
239,adziW8wj1ke,bfTAqApCiIb
240,adziW8wj1ke,nm7Wxy7HTuy
241,adziW8wj1ke,o9EG0vv4RnO
242,adziW8wj1ke,rZLHuzg0Ayi
243,adziW8wj1ke,KrzsPmVyImR
244,adziW8wj1ke,Xyw52ZcXySb
245,adziW8wj1ke,rkY5vfbP0SS
246,adziW8wj1ke,Fs6BHLQjg0X
247,adziW8wj1ke,ynUrqiup3kq
248,adziW8wj1ke,jyFTrTgVa4f
249,adziW8wj1ke,Q4x8VVc7mIr
250,adziW8wj1ke,gc1jRPFfixe
251,adziW8wj1ke,O5LjnhjNuTx
252,adziW8wj1ke,ZFaU7TaQRZp
253,adziW8wj1ke,FbXf2g4uhos
254,adziW8wj1ke,iCcPaU1SKnO
255,adziW8wj1ke,gKitHl8ew3R
256,adziW8wj1ke,Ac7sRwrAia6
257,adziW8wj1ke,l6wDtNtWMD6
258,mj9EwT0PIF5,HllvX50cXC0
259,KUE8EY5vdvC,HllvX50cXC0
260,SZWS1sFbFdq,HllvX50cXC0
261,zfGWuExNfc7,HllvX50cXC0
262,uhto05XLPSr,HllvX50cXC0
263,tsSGKmerVFd,X9MHIf0Wm6y
264,tsSGKmerVFd,WeHrikdo7oo
265,tsSGKmerVFd,hPnuIjnYi9C
266,tsSGKmerVFd,eSNEiqOgZ03
267,tsSGKmerVFd,Jy5IeplgNcs
268,tsSGKmerVFd,VgMvVNtkUPv
269,tsSGKmerVFd,Fh2PZJLtV3U
270,tsSGKmerVFd,bOIEbuipQ0H
271,tsSGKmerVFd,p3TAhB2UZiS
272,tsSGKmerVFd,xvR3x8vLvRK
273,tsSGKmerVFd,efl41btBUk9
274,tsSGKmerVFd,ccisVG8SxHv
275,tsSGKmerVFd,ZG21E9j1Bod
276,tsSGKmerVFd,UdeU9gsKqI3
277,tsSGKmerVFd,DI0hjMRK5Zh
278,tsSGKmerVFd,ov2i9IayA9m
279,tsSGKmerVFd,qX0d8PnsJvA
280,tsSGKmerVFd,WkldENuMjt8
281,tsSGKmerVFd,z9OAlfoLrhF
282,tsSGKmerVFd,xhGDprZjJIy
283,tsSGKmerVFd,KMjCdte3nlv
284,tsSGKmerVFd,ameRGjO5AW3
285,tsSGKmerVFd,LncgC06sQdO
286,tsSGKmerVFd,LQQ8pGWtkiH
287,tsSGKmerVFd,UXnM8Pm6vP0
288,tsSGKmerVFd,ksXHrNHHHtY
289,tsSGKmerVFd,bfTAqApCiIb
290,tsSGKmerVFd,nm7Wxy7HTuy
291,tsSGKmerVFd,o9EG0vv4RnO
292,tsSGKmerVFd,rZLHuzg0Ayi
293,tsSGKmerVFd,KrzsPmVyImR
294,tsSGKmerVFd,Xyw52ZcXySb
295,tsSGKmerVFd,rkY5vfbP0SS
296,tsSGKmerVFd,Fs6BHLQjg0X
297,tsSGKmerVFd,ynUrqiup3kq
298,tsSGKmerVFd,jyFTrTgVa4f
299,tsSGKmerVFd,Q4x8VVc7mIr
300,tsSGKmerVFd,gc1jRPFfixe
301,tsSGKmerVFd,O5LjnhjNuTx
302,tsSGKmerVFd,ZFaU7TaQRZp
303,tsSGKmerVFd,FbXf2g4uhos
304,tsSGKmerVFd,iCcPaU1SKnO
305,tsSGKmerVFd,gKitHl8ew3R
306,tsSGKmerVFd,Ac7sRwrAia6
307,tsSGKmerVFd,l6wDtNtWMD6
308,Frr8PBtDifn,HllvX50cXC0
309,w71YrG6FYtY,j08vF9Q3MtR
310,w71YrG6FYtY,zATcqMicCq6
311,w71YrG6FYtY,S5jKvo4zK92
312,w71YrG6FYtY,JT7ZfsZzRC7
313,w71YrG6FYtY,cX3nLMMtk8a
314,w71YrG6FYtY,pFKnh5wE23R
315,w71YrG6FYtY,HvgRiNVsRdp
316,w71YrG6FYtY,XX7Uh0aJaSv
317,w71YrG6FYtY,preyOH6yQyj
318,w71YrG6FYtY,HAIojac4Pi7
319,Ts4EfBkJa8V,HllvX50cXC0
320,mZ2HwpIgf9U,HllvX50cXC0
321,vdHETmue6yA,Ux2qbHnsWb4
322,vdHETmue6yA,IX6uC6LjzG1
323,ueIxD2bE36W,HllvX50cXC0
324,zC8P1bUCrWp,HllvX50cXC0
325,nmodYtjjNko,HllvX50cXC0
326,iwAfFcLYoWM,HllvX50cXC0
327,z7bnAKXSWFL,HllvX50cXC0
328,hvSAoW7JMVT,HllvX50cXC0
329,N2tdd2oVD7j,HllvX50cXC0
330,qpUA1BWtbki,HllvX50cXC0
331,k7ut0wuDciZ,HllvX50cXC0
332,xBm30agdhy6,u61PsXzKvDB
333,xBm30agdhy6,kFencUvCZfb
334,xBm30agdhy6,G9wvEIMSGmO
335,xBm30agdhy6,yR9K2nXGDJs
336,xBm30agdhy6,yUnt7ColJ7X
337,xBm30agdhy6,QtnSI2zMzc0
338,JhpEqt6FvBn,X9MHIf0Wm6y
339,JhpEqt6FvBn,WeHrikdo7oo
340,JhpEqt6FvBn,hPnuIjnYi9C
341,JhpEqt6FvBn,eSNEiqOgZ03
342,JhpEqt6FvBn,Jy5IeplgNcs
343,JhpEqt6FvBn,VgMvVNtkUPv
344,JhpEqt6FvBn,Fh2PZJLtV3U
345,JhpEqt6FvBn,bOIEbuipQ0H
346,JhpEqt6FvBn,p3TAhB2UZiS
347,JhpEqt6FvBn,xvR3x8vLvRK
348,JhpEqt6FvBn,efl41btBUk9
349,JhpEqt6FvBn,ccisVG8SxHv
350,JhpEqt6FvBn,ZG21E9j1Bod
351,JhpEqt6FvBn,UdeU9gsKqI3
352,JhpEqt6FvBn,DI0hjMRK5Zh
353,JhpEqt6FvBn,ov2i9IayA9m
354,JhpEqt6FvBn,qX0d8PnsJvA
355,JhpEqt6FvBn,WkldENuMjt8
356,JhpEqt6FvBn,z9OAlfoLrhF
357,JhpEqt6FvBn,xhGDprZjJIy
358,JhpEqt6FvBn,KMjCdte3nlv
359,JhpEqt6FvBn,ameRGjO5AW3
360,JhpEqt6FvBn,LncgC06sQdO
361,JhpEqt6FvBn,LQQ8pGWtkiH
362,JhpEqt6FvBn,UXnM8Pm6vP0
363,JhpEqt6FvBn,ksXHrNHHHtY
364,JhpEqt6FvBn,bfTAqApCiIb
365,JhpEqt6FvBn,nm7Wxy7HTuy
366,JhpEqt6FvBn,o9EG0vv4RnO
367,JhpEqt6FvBn,rZLHuzg0Ayi
368,JhpEqt6FvBn,KrzsPmVyImR
369,JhpEqt6FvBn,Xyw52ZcXySb
370,JhpEqt6FvBn,rkY5vfbP0SS
371,JhpEqt6FvBn,Fs6BHLQjg0X
372,JhpEqt6FvBn,ynUrqiup3kq
373,JhpEqt6FvBn,jyFTrTgVa4f
374,JhpEqt6FvBn,Q4x8VVc7mIr
375,JhpEqt6FvBn,gc1jRPFfixe
376,JhpEqt6FvBn,O5LjnhjNuTx
377,JhpEqt6FvBn,ZFaU7TaQRZp
378,JhpEqt6FvBn,FbXf2g4uhos
379,JhpEqt6FvBn,iCcPaU1SKnO
380,JhpEqt6FvBn,gKitHl8ew3R
381,JhpEqt6FvBn,Ac7sRwrAia6
382,JhpEqt6FvBn,l6wDtNtWMD6
383,Ad83DJKiDcq,HllvX50cXC0
384,TjA2XpEWM5B,HllvX50cXC0
385,MVEEaOm3Ubx,HllvX50cXC0
386,O3sWW12PcQe,HllvX50cXC0
387,hN03FGXoMvP,HllvX50cXC0
388,QGgeoySty6L,HllvX50cXC0
389,hTO7GyKw5eu,HllvX50cXC0
390,oWp3y7CArEU,HllvX50cXC0
391,sMh6cfhH48y,HllvX50cXC0
392,Bax9SZ4nvPw,HllvX50cXC0
393,JXhZmNPaNKV,HllvX50cXC0
394,fSqxW8rnjPJ,HllvX50cXC0
395,x1jRXEJQk7x,HllvX50cXC0
396,zkhvWfk1aNF,HllvX50cXC0
397,omMEbLemrU6,X9MHIf0Wm6y
398,omMEbLemrU6,WeHrikdo7oo
399,omMEbLemrU6,hPnuIjnYi9C
400,omMEbLemrU6,eSNEiqOgZ03
401,omMEbLemrU6,Jy5IeplgNcs
402,omMEbLemrU6,VgMvVNtkUPv
403,omMEbLemrU6,Fh2PZJLtV3U
404,omMEbLemrU6,bOIEbuipQ0H
405,omMEbLemrU6,p3TAhB2UZiS
406,omMEbLemrU6,xvR3x8vLvRK
407,omMEbLemrU6,efl41btBUk9
408,omMEbLemrU6,ccisVG8SxHv
409,omMEbLemrU6,ZG21E9j1Bod
410,omMEbLemrU6,UdeU9gsKqI3
411,omMEbLemrU6,DI0hjMRK5Zh
412,omMEbLemrU6,ov2i9IayA9m
413,omMEbLemrU6,qX0d8PnsJvA
414,omMEbLemrU6,WkldENuMjt8
415,omMEbLemrU6,z9OAlfoLrhF
416,omMEbLemrU6,xhGDprZjJIy
417,omMEbLemrU6,KMjCdte3nlv
418,omMEbLemrU6,ameRGjO5AW3
419,omMEbLemrU6,LncgC06sQdO
420,omMEbLemrU6,LQQ8pGWtkiH
421,omMEbLemrU6,UXnM8Pm6vP0
422,omMEbLemrU6,ksXHrNHHHtY
423,omMEbLemrU6,bfTAqApCiIb
424,omMEbLemrU6,nm7Wxy7HTuy
425,omMEbLemrU6,o9EG0vv4RnO
426,omMEbLemrU6,rZLHuzg0Ayi
427,omMEbLemrU6,KrzsPmVyImR
428,omMEbLemrU6,Xyw52ZcXySb
429,omMEbLemrU6,rkY5vfbP0SS
430,omMEbLemrU6,Fs6BHLQjg0X
431,omMEbLemrU6,ynUrqiup3kq
432,omMEbLemrU6,jyFTrTgVa4f
433,omMEbLemrU6,Q4x8VVc7mIr
434,omMEbLemrU6,gc1jRPFfixe
435,omMEbLemrU6,O5LjnhjNuTx
436,omMEbLemrU6,ZFaU7TaQRZp
437,omMEbLemrU6,FbXf2g4uhos
438,omMEbLemrU6,iCcPaU1SKnO
439,omMEbLemrU6,gKitHl8ew3R
440,omMEbLemrU6,Ac7sRwrAia6
441,omMEbLemrU6,l6wDtNtWMD6
442,EgvsCowqr2w,aAUl3oSbjQ0
443,EgvsCowqr2w,AW4Ucr9cP3D
444,EgvsCowqr2w,bsWpmeFDgne
445,EgvsCowqr2w,u6Uplq3k5YQ
446,EgvsCowqr2w,PITMNJLqPqE
447,EgvsCowqr2w,QlHR7KnnOR6
448,EgvsCowqr2w,xpsDbGdb4fQ
449,EgvsCowqr2w,ryel4bxsuJn
450,EgvsCowqr2w,ggMgnrX4JOu
451,M2Tgala2egP,HllvX50cXC0
452,LOYkxLx7o25,HllvX50cXC0
453,W8vc2hrghCg,HllvX50cXC0
454,Gdsh69w1ULd,HllvX50cXC0
455,jXKM7xiPthB,HllvX50cXC0
456,yspQeu0EYeR,HllvX50cXC0
457,qwwGSP1B5QN,HllvX50cXC0
458,XgjY88WyEvw,HllvX50cXC0
459,HI18HkBvOLc,HllvX50cXC0
460,tl38z0We672,u61PsXzKvDB
461,tl38z0We672,kFencUvCZfb
462,tl38z0We672,G9wvEIMSGmO
463,tl38z0We672,yR9K2nXGDJs
464,tl38z0We672,yUnt7ColJ7X
465,tl38z0We672,QtnSI2zMzc0
466,iRQWRvBzyXl,HllvX50cXC0
467,IYuIklJYaLL,HllvX50cXC0
468,KfQ1gcLszOB,HllvX50cXC0
469,mIJFz3kAhAw,HllvX50cXC0
470,RLuOjNZaq0k,aAUl3oSbjQ0
471,RLuOjNZaq0k,AW4Ucr9cP3D
472,RLuOjNZaq0k,bsWpmeFDgne
473,RLuOjNZaq0k,u6Uplq3k5YQ
474,RLuOjNZaq0k,PITMNJLqPqE
475,RLuOjNZaq0k,QlHR7KnnOR6
476,RLuOjNZaq0k,xpsDbGdb4fQ
477,RLuOjNZaq0k,ryel4bxsuJn
478,RLuOjNZaq0k,ggMgnrX4JOu
479,u6bn84xJh9Z,HllvX50cXC0
480,tpGCsq755n7,HllvX50cXC0
481,Zk1oJv5xYlf,HllvX50cXC0
482,QqIkh4bVRpw,HllvX50cXC0
483,lnhQcD8kNEe,HllvX50cXC0
484,h4awJUYZXxR,HllvX50cXC0
485,A99WdKGcv2Z,u61PsXzKvDB
486,A99WdKGcv2Z,kFencUvCZfb
487,A99WdKGcv2Z,G9wvEIMSGmO
488,A99WdKGcv2Z,yR9K2nXGDJs
489,A99WdKGcv2Z,yUnt7ColJ7X
490,A99WdKGcv2Z,QtnSI2zMzc0
491,zGkWywUtcXm,HllvX50cXC0
492,YBf6aiFlFzr,HllvX50cXC0
493,oCECgzam7Us,X9MHIf0Wm6y
494,oCECgzam7Us,WeHrikdo7oo
495,oCECgzam7Us,hPnuIjnYi9C
496,oCECgzam7Us,eSNEiqOgZ03
497,oCECgzam7Us,Jy5IeplgNcs
498,oCECgzam7Us,VgMvVNtkUPv
499,oCECgzam7Us,Fh2PZJLtV3U
500,oCECgzam7Us,bOIEbuipQ0H
501,oCECgzam7Us,p3TAhB2UZiS
502,oCECgzam7Us,xvR3x8vLvRK
503,oCECgzam7Us,efl41btBUk9
504,oCECgzam7Us,ccisVG8SxHv
505,oCECgzam7Us,ZG21E9j1Bod
506,oCECgzam7Us,UdeU9gsKqI3
507,oCECgzam7Us,DI0hjMRK5Zh
508,oCECgzam7Us,ov2i9IayA9m
509,oCECgzam7Us,qX0d8PnsJvA
510,oCECgzam7Us,WkldENuMjt8
511,oCECgzam7Us,z9OAlfoLrhF
512,oCECgzam7Us,xhGDprZjJIy
513,oCECgzam7Us,KMjCdte3nlv
514,oCECgzam7Us,ameRGjO5AW3
515,oCECgzam7Us,LncgC06sQdO
516,oCECgzam7Us,LQQ8pGWtkiH
517,oCECgzam7Us,UXnM8Pm6vP0
518,oCECgzam7Us,ksXHrNHHHtY
519,oCECgzam7Us,bfTAqApCiIb
520,oCECgzam7Us,nm7Wxy7HTuy
521,oCECgzam7Us,o9EG0vv4RnO
522,oCECgzam7Us,rZLHuzg0Ayi
523,oCECgzam7Us,KrzsPmVyImR
524,oCECgzam7Us,Xyw52ZcXySb
525,oCECgzam7Us,rkY5vfbP0SS
526,oCECgzam7Us,Fs6BHLQjg0X
527,oCECgzam7Us,ynUrqiup3kq
528,oCECgzam7Us,jyFTrTgVa4f
529,oCECgzam7Us,Q4x8VVc7mIr
530,oCECgzam7Us,gc1jRPFfixe
531,oCECgzam7Us,O5LjnhjNuTx
532,oCECgzam7Us,ZFaU7TaQRZp
533,oCECgzam7Us,FbXf2g4uhos
534,oCECgzam7Us,iCcPaU1SKnO
535,oCECgzam7Us,gKitHl8ew3R
536,oCECgzam7Us,Ac7sRwrAia6
537,oCECgzam7Us,l6wDtNtWMD6
538,BhJKRTRxKeA,HllvX50cXC0
539,Fn15HIXzWg9,HllvX50cXC0
540,A7AQ3brLmR4,HllvX50cXC0
541,xkzCOlTZvUm,HllvX50cXC0
542,zIrQ6UeidNG,HllvX50cXC0
543,i1wNCbGgehn,HllvX50cXC0
544,C6bn6zPbQCz,HllvX50cXC0
545,GC4jWQynPsv,HllvX50cXC0
546,ZaDZxHd92aT,HllvX50cXC0
547,Hks5N7iQkL8,HllvX50cXC0
548,Sllv4L02jGv,HllvX50cXC0
549,dXRwLsPJbzE,X9MHIf0Wm6y
550,dXRwLsPJbzE,WeHrikdo7oo
551,dXRwLsPJbzE,hPnuIjnYi9C
552,dXRwLsPJbzE,eSNEiqOgZ03
553,dXRwLsPJbzE,Jy5IeplgNcs
554,dXRwLsPJbzE,VgMvVNtkUPv
555,dXRwLsPJbzE,Fh2PZJLtV3U
556,dXRwLsPJbzE,bOIEbuipQ0H
557,dXRwLsPJbzE,p3TAhB2UZiS
558,dXRwLsPJbzE,xvR3x8vLvRK
559,dXRwLsPJbzE,efl41btBUk9
560,dXRwLsPJbzE,ccisVG8SxHv
561,dXRwLsPJbzE,ZG21E9j1Bod
562,dXRwLsPJbzE,UdeU9gsKqI3
563,dXRwLsPJbzE,DI0hjMRK5Zh
564,dXRwLsPJbzE,ov2i9IayA9m
565,dXRwLsPJbzE,qX0d8PnsJvA
566,dXRwLsPJbzE,WkldENuMjt8
567,dXRwLsPJbzE,z9OAlfoLrhF
568,dXRwLsPJbzE,xhGDprZjJIy
569,dXRwLsPJbzE,KMjCdte3nlv
570,dXRwLsPJbzE,ameRGjO5AW3
571,dXRwLsPJbzE,LncgC06sQdO
572,dXRwLsPJbzE,LQQ8pGWtkiH
573,dXRwLsPJbzE,UXnM8Pm6vP0
574,dXRwLsPJbzE,ksXHrNHHHtY
575,dXRwLsPJbzE,bfTAqApCiIb
576,dXRwLsPJbzE,nm7Wxy7HTuy
577,dXRwLsPJbzE,o9EG0vv4RnO
578,dXRwLsPJbzE,rZLHuzg0Ayi
579,dXRwLsPJbzE,KrzsPmVyImR
580,dXRwLsPJbzE,Xyw52ZcXySb
581,dXRwLsPJbzE,rkY5vfbP0SS
582,dXRwLsPJbzE,Fs6BHLQjg0X
583,dXRwLsPJbzE,ynUrqiup3kq
584,dXRwLsPJbzE,jyFTrTgVa4f
585,dXRwLsPJbzE,Q4x8VVc7mIr
586,dXRwLsPJbzE,gc1jRPFfixe
587,dXRwLsPJbzE,O5LjnhjNuTx
588,dXRwLsPJbzE,ZFaU7TaQRZp
589,dXRwLsPJbzE,FbXf2g4uhos
590,dXRwLsPJbzE,iCcPaU1SKnO
591,dXRwLsPJbzE,gKitHl8ew3R
592,dXRwLsPJbzE,Ac7sRwrAia6
593,dXRwLsPJbzE,l6wDtNtWMD6
594,z3p7CQxWkum,HllvX50cXC0
595,sMYJWV46KrX,HllvX50cXC0
596,qOIzKee6FfH,m5hErsQLQuW
597,qOIzKee6FfH,UqbCWSg5rOu
598,qOIzKee6FfH,UorkSGAPM8h
599,qOIzKee6FfH,g3B2DuwQTWP
600,qOIzKee6FfH,DyV5gINiVaz
601,qOIzKee6FfH,oeuHrQ5EEJ0
602,qOIzKee6FfH,sv84aXQFfYn
603,qOIzKee6FfH,lE1dfuSi7wH
604,qOIzKee6FfH,PgTYXkpS7iQ
605,qOIzKee6FfH,OCKc2GVWRnR
606,qOIzKee6FfH,JwizPqF3Co8
607,qOIzKee6FfH,QQp0ChzoYae
608,qOIzKee6FfH,bGXDOsCrgeR
609,qOIzKee6FfH,EOYkrLSx21s
610,qOIzKee6FfH,XHTA8W1GMDx
611,cE4xYyV9cP0,HllvX50cXC0
612,ACShbHTUYpt,X9MHIf0Wm6y
613,ACShbHTUYpt,WeHrikdo7oo
614,ACShbHTUYpt,hPnuIjnYi9C
615,ACShbHTUYpt,eSNEiqOgZ03
616,ACShbHTUYpt,Jy5IeplgNcs
617,ACShbHTUYpt,VgMvVNtkUPv
618,ACShbHTUYpt,Fh2PZJLtV3U
619,ACShbHTUYpt,bOIEbuipQ0H
620,ACShbHTUYpt,p3TAhB2UZiS
621,ACShbHTUYpt,xvR3x8vLvRK
622,ACShbHTUYpt,efl41btBUk9
623,ACShbHTUYpt,ccisVG8SxHv
624,ACShbHTUYpt,ZG21E9j1Bod
625,ACShbHTUYpt,UdeU9gsKqI3
626,ACShbHTUYpt,DI0hjMRK5Zh
627,ACShbHTUYpt,ov2i9IayA9m
628,ACShbHTUYpt,qX0d8PnsJvA
629,ACShbHTUYpt,WkldENuMjt8
630,ACShbHTUYpt,z9OAlfoLrhF
631,ACShbHTUYpt,xhGDprZjJIy
632,ACShbHTUYpt,KMjCdte3nlv
633,ACShbHTUYpt,ameRGjO5AW3
634,ACShbHTUYpt,LncgC06sQdO
635,ACShbHTUYpt,LQQ8pGWtkiH
636,ACShbHTUYpt,UXnM8Pm6vP0
637,ACShbHTUYpt,ksXHrNHHHtY
638,ACShbHTUYpt,bfTAqApCiIb
639,ACShbHTUYpt,nm7Wxy7HTuy
640,ACShbHTUYpt,o9EG0vv4RnO
641,ACShbHTUYpt,rZLHuzg0Ayi
642,ACShbHTUYpt,KrzsPmVyImR
643,ACShbHTUYpt,Xyw52ZcXySb
644,ACShbHTUYpt,rkY5vfbP0SS
645,ACShbHTUYpt,Fs6BHLQjg0X
646,ACShbHTUYpt,ynUrqiup3kq
647,ACShbHTUYpt,jyFTrTgVa4f
648,ACShbHTUYpt,Q4x8VVc7mIr
649,ACShbHTUYpt,gc1jRPFfixe
650,ACShbHTUYpt,O5LjnhjNuTx
651,ACShbHTUYpt,ZFaU7TaQRZp
652,ACShbHTUYpt,FbXf2g4uhos
653,ACShbHTUYpt,iCcPaU1SKnO
654,ACShbHTUYpt,gKitHl8ew3R
655,ACShbHTUYpt,Ac7sRwrAia6
656,ACShbHTUYpt,l6wDtNtWMD6
657,AMSSxMqoEBz,HllvX50cXC0
658,YTouESznrw9,u61PsXzKvDB
659,YTouESznrw9,kFencUvCZfb
660,YTouESznrw9,G9wvEIMSGmO
661,YTouESznrw9,yR9K2nXGDJs
662,YTouESznrw9,yUnt7ColJ7X
663,YTouESznrw9,QtnSI2zMzc0
664,OwK5sxT2qiL,HllvX50cXC0
665,tOsGLpfwUxE,HllvX50cXC0
666,rAsbJABSxB7,HllvX50cXC0
667,cxY2aCiQgmy,j08vF9Q3MtR
668,cxY2aCiQgmy,zATcqMicCq6
669,cxY2aCiQgmy,S5jKvo4zK92
670,cxY2aCiQgmy,JT7ZfsZzRC7
671,cxY2aCiQgmy,cX3nLMMtk8a
672,cxY2aCiQgmy,pFKnh5wE23R
673,cxY2aCiQgmy,HvgRiNVsRdp
674,cxY2aCiQgmy,XX7Uh0aJaSv
675,cxY2aCiQgmy,preyOH6yQyj
676,cxY2aCiQgmy,HAIojac4Pi7
677,c8iFsTL0172,X9MHIf0Wm6y
678,c8iFsTL0172,WeHrikdo7oo
679,c8iFsTL0172,hPnuIjnYi9C
680,c8iFsTL0172,eSNEiqOgZ03
681,c8iFsTL0172,Jy5IeplgNcs
682,c8iFsTL0172,VgMvVNtkUPv
683,c8iFsTL0172,Fh2PZJLtV3U
684,c8iFsTL0172,bOIEbuipQ0H
685,c8iFsTL0172,p3TAhB2UZiS
686,c8iFsTL0172,xvR3x8vLvRK
687,c8iFsTL0172,efl41btBUk9
688,c8iFsTL0172,ccisVG8SxHv
689,c8iFsTL0172,ZG21E9j1Bod
690,c8iFsTL0172,UdeU9gsKqI3
691,c8iFsTL0172,DI0hjMRK5Zh
692,c8iFsTL0172,ov2i9IayA9m
693,c8iFsTL0172,qX0d8PnsJvA
694,c8iFsTL0172,WkldENuMjt8
695,c8iFsTL0172,z9OAlfoLrhF
696,c8iFsTL0172,xhGDprZjJIy
697,c8iFsTL0172,KMjCdte3nlv
698,c8iFsTL0172,ameRGjO5AW3
699,c8iFsTL0172,LncgC06sQdO
700,c8iFsTL0172,LQQ8pGWtkiH
701,c8iFsTL0172,UXnM8Pm6vP0
702,c8iFsTL0172,ksXHrNHHHtY
703,c8iFsTL0172,bfTAqApCiIb
704,c8iFsTL0172,nm7Wxy7HTuy
705,c8iFsTL0172,o9EG0vv4RnO
706,c8iFsTL0172,rZLHuzg0Ayi
707,c8iFsTL0172,KrzsPmVyImR
708,c8iFsTL0172,Xyw52ZcXySb
709,c8iFsTL0172,rkY5vfbP0SS
710,c8iFsTL0172,Fs6BHLQjg0X
711,c8iFsTL0172,ynUrqiup3kq
712,c8iFsTL0172,jyFTrTgVa4f
713,c8iFsTL0172,Q4x8VVc7mIr
714,c8iFsTL0172,gc1jRPFfixe
715,c8iFsTL0172,O5LjnhjNuTx
716,c8iFsTL0172,ZFaU7TaQRZp
717,c8iFsTL0172,FbXf2g4uhos
718,c8iFsTL0172,iCcPaU1SKnO
719,c8iFsTL0172,gKitHl8ew3R
720,c8iFsTL0172,Ac7sRwrAia6
721,c8iFsTL0172,l6wDtNtWMD6
722,PSR0ZkLuXZc,HllvX50cXC0
723,f5FVbhgtqKv,HllvX50cXC0
724,fjDk7C69bya,HllvX50cXC0
725,Qi7G1rpttno,HllvX50cXC0
726,UvMyjP1sr4H,HllvX50cXC0
727,F9yAAAMOFIW,HllvX50cXC0
728,bO6ATLeZUl4,HllvX50cXC0
729,wfqpOrwX8OU,HllvX50cXC0
730,jVBv8a8sTby,HllvX50cXC0
731,QvgZSManeJs,X9MHIf0Wm6y
732,QvgZSManeJs,WeHrikdo7oo
733,QvgZSManeJs,hPnuIjnYi9C
734,QvgZSManeJs,eSNEiqOgZ03
735,QvgZSManeJs,Jy5IeplgNcs
736,QvgZSManeJs,VgMvVNtkUPv
737,QvgZSManeJs,Fh2PZJLtV3U
738,QvgZSManeJs,bOIEbuipQ0H
739,QvgZSManeJs,p3TAhB2UZiS
740,QvgZSManeJs,xvR3x8vLvRK
741,QvgZSManeJs,efl41btBUk9
742,QvgZSManeJs,ccisVG8SxHv
743,QvgZSManeJs,ZG21E9j1Bod
744,QvgZSManeJs,UdeU9gsKqI3
745,QvgZSManeJs,DI0hjMRK5Zh
746,QvgZSManeJs,ov2i9IayA9m
747,QvgZSManeJs,qX0d8PnsJvA
748,QvgZSManeJs,WkldENuMjt8
749,QvgZSManeJs,z9OAlfoLrhF
750,QvgZSManeJs,xhGDprZjJIy
751,QvgZSManeJs,KMjCdte3nlv
752,QvgZSManeJs,ameRGjO5AW3
753,QvgZSManeJs,LncgC06sQdO
754,QvgZSManeJs,LQQ8pGWtkiH
755,QvgZSManeJs,UXnM8Pm6vP0
756,QvgZSManeJs,ksXHrNHHHtY
757,QvgZSManeJs,bfTAqApCiIb
758,QvgZSManeJs,nm7Wxy7HTuy
759,QvgZSManeJs,o9EG0vv4RnO
760,QvgZSManeJs,rZLHuzg0Ayi
761,QvgZSManeJs,KrzsPmVyImR
762,QvgZSManeJs,Xyw52ZcXySb
763,QvgZSManeJs,rkY5vfbP0SS
764,QvgZSManeJs,Fs6BHLQjg0X
765,QvgZSManeJs,ynUrqiup3kq
766,QvgZSManeJs,jyFTrTgVa4f
767,QvgZSManeJs,Q4x8VVc7mIr
768,QvgZSManeJs,gc1jRPFfixe
769,QvgZSManeJs,O5LjnhjNuTx
770,QvgZSManeJs,ZFaU7TaQRZp
771,QvgZSManeJs,FbXf2g4uhos
772,QvgZSManeJs,iCcPaU1SKnO
773,QvgZSManeJs,gKitHl8ew3R
774,QvgZSManeJs,Ac7sRwrAia6
775,QvgZSManeJs,l6wDtNtWMD6
776,vyKwpmxmgl5,HllvX50cXC0
777,EoapWImZrpK,HllvX50cXC0
778,IKSWa2Vxsxr,HllvX50cXC0
779,HCSpaYVtSQo,HllvX50cXC0
780,m9T0DufEgn4,HllvX50cXC0
781,VaLQ3ZEDyY7,HllvX50cXC0
782,YnsUwYrc12d,BeRF3zMEZbH
783,YnsUwYrc12d,VtGL2a02Zdy
784,YnsUwYrc12d,tNcj45HOMtN
785,YnsUwYrc12d,zeiKRhhLTgG
786,YnsUwYrc12d,S0V1yKFSmIK
787,YnsUwYrc12d,G00QudFigfT
788,YnsUwYrc12d,onPBAc3DQta
789,YnsUwYrc12d,WzRVmX4LwLX
790,YnsUwYrc12d,e76NoYiPLJD
791,tg8RPGUP2Af,HllvX50cXC0
792,OP71MliLuGt,HllvX50cXC0
793,kB8Qlz2IqMJ,HllvX50cXC0
794,LRsmNTRQ4K4,HllvX50cXC0
795,WREsKgTCRiq,HllvX50cXC0
796,uk1ygS4ih90,HllvX50cXC0
797,ZYwSMDa5lRO,HllvX50cXC0
798,K66vr4DBIfd,HllvX50cXC0
799,csk3pmfCtEt,HllvX50cXC0
800,SlsMhJ603jt,HllvX50cXC0
801,TqRy5V2LvJz,HllvX50cXC0
802,OJm8e9j84Wk,HllvX50cXC0
803,UlJGkeEmV4S,j08vF9Q3MtR
804,UlJGkeEmV4S,zATcqMicCq6
805,UlJGkeEmV4S,S5jKvo4zK92
806,UlJGkeEmV4S,JT7ZfsZzRC7
807,UlJGkeEmV4S,cX3nLMMtk8a
808,UlJGkeEmV4S,pFKnh5wE23R
809,UlJGkeEmV4S,HvgRiNVsRdp
810,UlJGkeEmV4S,XX7Uh0aJaSv
811,UlJGkeEmV4S,preyOH6yQyj
812,UlJGkeEmV4S,HAIojac4Pi7
813,uPOqGjcb0WR,HllvX50cXC0
814,FNKrq1mhRgo,HllvX50cXC0
815,O6XYShuqlHd,u61PsXzKvDB
816,O6XYShuqlHd,kFencUvCZfb
817,O6XYShuqlHd,G9wvEIMSGmO
818,O6XYShuqlHd,yR9K2nXGDJs
819,O6XYShuqlHd,yUnt7ColJ7X
820,O6XYShuqlHd,QtnSI2zMzc0
821,nOBfsFT3Phs,HllvX50cXC0
822,tpHKA3yqaIl,HllvX50cXC0
823,NfIVbWjrJgg,HllvX50cXC0
824,Lta7wvGeMcV,HllvX50cXC0
825,w5I7khBBJaS,HllvX50cXC0
826,I1VKRX6S1Lp,X9MHIf0Wm6y
827,I1VKRX6S1Lp,WeHrikdo7oo
828,I1VKRX6S1Lp,hPnuIjnYi9C
829,I1VKRX6S1Lp,eSNEiqOgZ03
830,I1VKRX6S1Lp,Jy5IeplgNcs
831,I1VKRX6S1Lp,VgMvVNtkUPv
832,I1VKRX6S1Lp,Fh2PZJLtV3U
833,I1VKRX6S1Lp,bOIEbuipQ0H
834,I1VKRX6S1Lp,p3TAhB2UZiS
835,I1VKRX6S1Lp,xvR3x8vLvRK
836,I1VKRX6S1Lp,efl41btBUk9
837,I1VKRX6S1Lp,ccisVG8SxHv
838,I1VKRX6S1Lp,ZG21E9j1Bod
839,I1VKRX6S1Lp,UdeU9gsKqI3
840,I1VKRX6S1Lp,DI0hjMRK5Zh
841,I1VKRX6S1Lp,ov2i9IayA9m
842,I1VKRX6S1Lp,qX0d8PnsJvA
843,I1VKRX6S1Lp,WkldENuMjt8
844,I1VKRX6S1Lp,z9OAlfoLrhF
845,I1VKRX6S1Lp,xhGDprZjJIy
846,I1VKRX6S1Lp,KMjCdte3nlv
847,I1VKRX6S1Lp,ameRGjO5AW3
848,I1VKRX6S1Lp,LncgC06sQdO
849,I1VKRX6S1Lp,LQQ8pGWtkiH
850,I1VKRX6S1Lp,UXnM8Pm6vP0
851,I1VKRX6S1Lp,ksXHrNHHHtY
852,I1VKRX6S1Lp,bfTAqApCiIb
853,I1VKRX6S1Lp,nm7Wxy7HTuy
854,I1VKRX6S1Lp,o9EG0vv4RnO
855,I1VKRX6S1Lp,rZLHuzg0Ayi
856,I1VKRX6S1Lp,KrzsPmVyImR
857,I1VKRX6S1Lp,Xyw52ZcXySb
858,I1VKRX6S1Lp,rkY5vfbP0SS
859,I1VKRX6S1Lp,Fs6BHLQjg0X
860,I1VKRX6S1Lp,ynUrqiup3kq
861,I1VKRX6S1Lp,jyFTrTgVa4f
862,I1VKRX6S1Lp,Q4x8VVc7mIr
863,I1VKRX6S1Lp,gc1jRPFfixe
864,I1VKRX6S1Lp,O5LjnhjNuTx
865,I1VKRX6S1Lp,ZFaU7TaQRZp
866,I1VKRX6S1Lp,FbXf2g4uhos
867,I1VKRX6S1Lp,iCcPaU1SKnO
868,I1VKRX6S1Lp,gKitHl8ew3R
869,I1VKRX6S1Lp,Ac7sRwrAia6
870,I1VKRX6S1Lp,l6wDtNtWMD6
871,ljSKKF2sS3S,HllvX50cXC0
872,uczoHBurJod,HllvX50cXC0
873,UEsUJlHuyTW,HllvX50cXC0
874,zSIzx2YFlLi,HllvX50cXC0
875,TvLxP9bXXvZ,HllvX50cXC0
876,reB03ib2geA,BeRF3zMEZbH
877,reB03ib2geA,VtGL2a02Zdy
878,reB03ib2geA,tNcj45HOMtN
879,reB03ib2geA,zeiKRhhLTgG
880,reB03ib2geA,S0V1yKFSmIK
881,reB03ib2geA,G00QudFigfT
882,reB03ib2geA,onPBAc3DQta
883,reB03ib2geA,WzRVmX4LwLX
884,reB03ib2geA,e76NoYiPLJD
885,HkISzr0wOuC,HllvX50cXC0
886,TllX2TZ14Si,HllvX50cXC0
887,BfUGncAgsIa,HllvX50cXC0
888,YlTN6XqlCmW,HllvX50cXC0
889,Z4w3OOLA6MU,HllvX50cXC0
890,tUnMWSsmire,HllvX50cXC0
891,TU4hCLREQB2,HllvX50cXC0
892,OMRChJ7e41s,HllvX50cXC0
893,w2SEZRMUtUn,HllvX50cXC0
894,k46cXnyBG0D,HllvX50cXC0
895,ijUAc6k60Wn,HllvX50cXC0
896,bcU8Uyg4BwG,HllvX50cXC0
897,TGUAulMmWi1,HllvX50cXC0
898,hnz5wHFaX0w,HllvX50cXC0
899,eUm4aLsUREy,HllvX50cXC0
900,yijGYWqLK3L,HllvX50cXC0
901,qQ7RtdPhGcU,HllvX50cXC0
902,YJS6tdhuN61,HllvX50cXC0
903,ejqKJTZBJd6,HllvX50cXC0
904,dLxrh0TnVM9,X9MHIf0Wm6y
905,dLxrh0TnVM9,WeHrikdo7oo
906,dLxrh0TnVM9,hPnuIjnYi9C
907,dLxrh0TnVM9,eSNEiqOgZ03
908,dLxrh0TnVM9,Jy5IeplgNcs
909,dLxrh0TnVM9,VgMvVNtkUPv
910,dLxrh0TnVM9,Fh2PZJLtV3U
911,dLxrh0TnVM9,bOIEbuipQ0H
912,dLxrh0TnVM9,p3TAhB2UZiS
913,dLxrh0TnVM9,xvR3x8vLvRK
914,dLxrh0TnVM9,efl41btBUk9
915,dLxrh0TnVM9,ccisVG8SxHv
916,dLxrh0TnVM9,ZG21E9j1Bod
917,dLxrh0TnVM9,UdeU9gsKqI3
918,dLxrh0TnVM9,DI0hjMRK5Zh
919,dLxrh0TnVM9,ov2i9IayA9m
920,dLxrh0TnVM9,qX0d8PnsJvA
921,dLxrh0TnVM9,WkldENuMjt8
922,dLxrh0TnVM9,z9OAlfoLrhF
923,dLxrh0TnVM9,xhGDprZjJIy
924,dLxrh0TnVM9,KMjCdte3nlv
925,dLxrh0TnVM9,ameRGjO5AW3
926,dLxrh0TnVM9,LncgC06sQdO
927,dLxrh0TnVM9,LQQ8pGWtkiH
928,dLxrh0TnVM9,UXnM8Pm6vP0
929,dLxrh0TnVM9,ksXHrNHHHtY
930,dLxrh0TnVM9,bfTAqApCiIb
931,dLxrh0TnVM9,nm7Wxy7HTuy
932,dLxrh0TnVM9,o9EG0vv4RnO
933,dLxrh0TnVM9,rZLHuzg0Ayi
934,dLxrh0TnVM9,KrzsPmVyImR
935,dLxrh0TnVM9,Xyw52ZcXySb
936,dLxrh0TnVM9,rkY5vfbP0SS
937,dLxrh0TnVM9,Fs6BHLQjg0X
938,dLxrh0TnVM9,ynUrqiup3kq
939,dLxrh0TnVM9,jyFTrTgVa4f
940,dLxrh0TnVM9,Q4x8VVc7mIr
941,dLxrh0TnVM9,gc1jRPFfixe
942,dLxrh0TnVM9,O5LjnhjNuTx
943,dLxrh0TnVM9,ZFaU7TaQRZp
944,dLxrh0TnVM9,FbXf2g4uhos
945,dLxrh0TnVM9,iCcPaU1SKnO
946,dLxrh0TnVM9,gKitHl8ew3R
947,dLxrh0TnVM9,Ac7sRwrAia6
948,dLxrh0TnVM9,l6wDtNtWMD6
949,z11eXUduMTj,HllvX50cXC0
950,V3pwu7dz5bE,HllvX50cXC0
951,oLHkxHBpunK,HllvX50cXC0
952,i1JhlTG7CCt,HllvX50cXC0
953,f50jzpPHhJV,HllvX50cXC0
954,CRGdmgZ42dW,j08vF9Q3MtR
955,CRGdmgZ42dW,zATcqMicCq6
956,CRGdmgZ42dW,S5jKvo4zK92
957,CRGdmgZ42dW,JT7ZfsZzRC7
958,CRGdmgZ42dW,cX3nLMMtk8a
959,CRGdmgZ42dW,pFKnh5wE23R
960,CRGdmgZ42dW,HvgRiNVsRdp
961,CRGdmgZ42dW,XX7Uh0aJaSv
962,CRGdmgZ42dW,preyOH6yQyj
963,CRGdmgZ42dW,HAIojac4Pi7
964,bGyl6T5klnC,HllvX50cXC0
965,USSX14ZROi8,HllvX50cXC0
966,eRVnzHkfp0e,u61PsXzKvDB
967,eRVnzHkfp0e,kFencUvCZfb
968,eRVnzHkfp0e,G9wvEIMSGmO
969,eRVnzHkfp0e,yR9K2nXGDJs
970,eRVnzHkfp0e,yUnt7ColJ7X
971,eRVnzHkfp0e,QtnSI2zMzc0
972,Da2nbJXyvFD,HllvX50cXC0
973,dgS5bQLXlnl,HllvX50cXC0
974,N7iozDIRDH6,BeRF3zMEZbH
975,N7iozDIRDH6,VtGL2a02Zdy
976,N7iozDIRDH6,tNcj45HOMtN
977,N7iozDIRDH6,zeiKRhhLTgG
978,N7iozDIRDH6,S0V1yKFSmIK
979,N7iozDIRDH6,G00QudFigfT
980,N7iozDIRDH6,onPBAc3DQta
981,N7iozDIRDH6,WzRVmX4LwLX
982,N7iozDIRDH6,e76NoYiPLJD
983,i83XCw9TZoy,HllvX50cXC0
984,XS1bYU18lAJ,HllvX50cXC0
985,fZNxozMEuqd,HllvX50cXC0
986,dJIA1SFb816,HllvX50cXC0
987,Q3deCVdtJr0,HllvX50cXC0
988,IXtPp8evv23,X9MHIf0Wm6y
989,IXtPp8evv23,WeHrikdo7oo
990,IXtPp8evv23,hPnuIjnYi9C
991,IXtPp8evv23,eSNEiqOgZ03
992,IXtPp8evv23,Jy5IeplgNcs
993,IXtPp8evv23,VgMvVNtkUPv
994,IXtPp8evv23,Fh2PZJLtV3U
995,IXtPp8evv23,bOIEbuipQ0H
996,IXtPp8evv23,p3TAhB2UZiS
997,IXtPp8evv23,xvR3x8vLvRK
998,IXtPp8evv23,efl41btBUk9
999,IXtPp8evv23,ccisVG8SxHv
1000,IXtPp8evv23,ZG21E9j1Bod
1001,IXtPp8evv23,UdeU9gsKqI3
1002,IXtPp8evv23,DI0hjMRK5Zh
1003,IXtPp8evv23,ov2i9IayA9m
1004,IXtPp8evv23,qX0d8PnsJvA
1005,IXtPp8evv23,WkldENuMjt8
1006,IXtPp8evv23,z9OAlfoLrhF
1007,IXtPp8evv23,xhGDprZjJIy
1008,IXtPp8evv23,KMjCdte3nlv
1009,IXtPp8evv23,ameRGjO5AW3
1010,IXtPp8evv23,LncgC06sQdO
1011,IXtPp8evv23,LQQ8pGWtkiH
1012,IXtPp8evv23,UXnM8Pm6vP0
1013,IXtPp8evv23,ksXHrNHHHtY
1014,IXtPp8evv23,bfTAqApCiIb
1015,IXtPp8evv23,nm7Wxy7HTuy
1016,IXtPp8evv23,o9EG0vv4RnO
1017,IXtPp8evv23,rZLHuzg0Ayi
1018,IXtPp8evv23,KrzsPmVyImR
1019,IXtPp8evv23,Xyw52ZcXySb
1020,IXtPp8evv23,rkY5vfbP0SS
1021,IXtPp8evv23,Fs6BHLQjg0X
1022,IXtPp8evv23,ynUrqiup3kq
1023,IXtPp8evv23,jyFTrTgVa4f
1024,IXtPp8evv23,Q4x8VVc7mIr
1025,IXtPp8evv23,gc1jRPFfixe
1026,IXtPp8evv23,O5LjnhjNuTx
1027,IXtPp8evv23,ZFaU7TaQRZp
1028,IXtPp8evv23,FbXf2g4uhos
1029,IXtPp8evv23,iCcPaU1SKnO
1030,IXtPp8evv23,gKitHl8ew3R
1031,IXtPp8evv23,Ac7sRwrAia6
1032,IXtPp8evv23,l6wDtNtWMD6
1033,eSF3SXwU7Vj,j08vF9Q3MtR
1034,eSF3SXwU7Vj,zATcqMicCq6
1035,eSF3SXwU7Vj,S5jKvo4zK92
1036,eSF3SXwU7Vj,JT7ZfsZzRC7
1037,eSF3SXwU7Vj,cX3nLMMtk8a
1038,eSF3SXwU7Vj,pFKnh5wE23R
1039,eSF3SXwU7Vj,HvgRiNVsRdp
1040,eSF3SXwU7Vj,XX7Uh0aJaSv
1041,eSF3SXwU7Vj,preyOH6yQyj
1042,eSF3SXwU7Vj,HAIojac4Pi7
1043,VPeyoFOWNlf,X9MHIf0Wm6y
1044,VPeyoFOWNlf,WeHrikdo7oo
1045,VPeyoFOWNlf,hPnuIjnYi9C
1046,VPeyoFOWNlf,eSNEiqOgZ03
1047,VPeyoFOWNlf,Jy5IeplgNcs
1048,VPeyoFOWNlf,VgMvVNtkUPv
1049,VPeyoFOWNlf,Fh2PZJLtV3U
1050,VPeyoFOWNlf,bOIEbuipQ0H
1051,VPeyoFOWNlf,p3TAhB2UZiS
1052,VPeyoFOWNlf,xvR3x8vLvRK
1053,VPeyoFOWNlf,efl41btBUk9
1054,VPeyoFOWNlf,ccisVG8SxHv
1055,VPeyoFOWNlf,ZG21E9j1Bod
1056,VPeyoFOWNlf,UdeU9gsKqI3
1057,VPeyoFOWNlf,DI0hjMRK5Zh
1058,VPeyoFOWNlf,ov2i9IayA9m
1059,VPeyoFOWNlf,qX0d8PnsJvA
1060,VPeyoFOWNlf,WkldENuMjt8
1061,VPeyoFOWNlf,z9OAlfoLrhF
1062,VPeyoFOWNlf,xhGDprZjJIy
1063,VPeyoFOWNlf,KMjCdte3nlv
1064,VPeyoFOWNlf,ameRGjO5AW3
1065,VPeyoFOWNlf,LncgC06sQdO
1066,VPeyoFOWNlf,LQQ8pGWtkiH
1067,VPeyoFOWNlf,UXnM8Pm6vP0
1068,VPeyoFOWNlf,ksXHrNHHHtY
1069,VPeyoFOWNlf,bfTAqApCiIb
1070,VPeyoFOWNlf,nm7Wxy7HTuy
1071,VPeyoFOWNlf,o9EG0vv4RnO
1072,VPeyoFOWNlf,rZLHuzg0Ayi
1073,VPeyoFOWNlf,KrzsPmVyImR
1074,VPeyoFOWNlf,Xyw52ZcXySb
1075,VPeyoFOWNlf,rkY5vfbP0SS
1076,VPeyoFOWNlf,Fs6BHLQjg0X
1077,VPeyoFOWNlf,ynUrqiup3kq
1078,VPeyoFOWNlf,jyFTrTgVa4f
1079,VPeyoFOWNlf,Q4x8VVc7mIr
1080,VPeyoFOWNlf,gc1jRPFfixe
1081,VPeyoFOWNlf,O5LjnhjNuTx
1082,VPeyoFOWNlf,ZFaU7TaQRZp
1083,VPeyoFOWNlf,FbXf2g4uhos
1084,VPeyoFOWNlf,iCcPaU1SKnO
1085,VPeyoFOWNlf,gKitHl8ew3R
1086,VPeyoFOWNlf,Ac7sRwrAia6
1087,VPeyoFOWNlf,l6wDtNtWMD6
1088,pa4KlOWImIA,HllvX50cXC0
1089,MSueM02Rned,HllvX50cXC0
1090,QOBvVJaaoN5,u61PsXzKvDB
1091,QOBvVJaaoN5,kFencUvCZfb
1092,QOBvVJaaoN5,G9wvEIMSGmO
1093,QOBvVJaaoN5,yR9K2nXGDJs
1094,QOBvVJaaoN5,yUnt7ColJ7X
1095,QOBvVJaaoN5,QtnSI2zMzc0
1096,ziZhSfiKbrl,HllvX50cXC0
1097,QADL6fJFoGZ,HllvX50cXC0
1098,Fduw4f67ZET,u61PsXzKvDB
1099,Fduw4f67ZET,kFencUvCZfb
1100,Fduw4f67ZET,G9wvEIMSGmO
1101,Fduw4f67ZET,yR9K2nXGDJs
1102,Fduw4f67ZET,yUnt7ColJ7X
1103,Fduw4f67ZET,QtnSI2zMzc0
1104,bmAiGzRBKnc,u61PsXzKvDB
1105,bmAiGzRBKnc,kFencUvCZfb
1106,bmAiGzRBKnc,G9wvEIMSGmO
1107,bmAiGzRBKnc,yR9K2nXGDJs
1108,bmAiGzRBKnc,yUnt7ColJ7X
1109,bmAiGzRBKnc,QtnSI2zMzc0
1110,u1Rv1mxNmJn,HllvX50cXC0
1111,ASdJwmuvKPO,HllvX50cXC0
1112,Q9nfFzknvbN,HllvX50cXC0
1113,MNnG5aukNOu,HllvX50cXC0
1114,p8EPIdnGpMD,HllvX50cXC0
1115,bQgPxazzwDh,j08vF9Q3MtR
1116,bQgPxazzwDh,zATcqMicCq6
1117,bQgPxazzwDh,S5jKvo4zK92
1118,bQgPxazzwDh,JT7ZfsZzRC7
1119,bQgPxazzwDh,cX3nLMMtk8a
1120,bQgPxazzwDh,pFKnh5wE23R
1121,bQgPxazzwDh,HvgRiNVsRdp
1122,bQgPxazzwDh,XX7Uh0aJaSv
1123,bQgPxazzwDh,preyOH6yQyj
1124,bQgPxazzwDh,HAIojac4Pi7
1125,boEXIMQcwAd,HllvX50cXC0
1126,qvKuzu2i7ul,HllvX50cXC0
1127,yWeCugT9KAF,HllvX50cXC0
1128,dmm7XMg6XCK,HllvX50cXC0
1129,niPx836rcsb,HllvX50cXC0
1130,aglyT588XSJ,HllvX50cXC0
1131,hERmSDObVoo,HllvX50cXC0
1132,IDkHHcf2Fdx,BeRF3zMEZbH
1133,IDkHHcf2Fdx,VtGL2a02Zdy
1134,IDkHHcf2Fdx,tNcj45HOMtN
1135,IDkHHcf2Fdx,zeiKRhhLTgG
1136,IDkHHcf2Fdx,S0V1yKFSmIK
1137,IDkHHcf2Fdx,G00QudFigfT
1138,IDkHHcf2Fdx,onPBAc3DQta
1139,IDkHHcf2Fdx,WzRVmX4LwLX
1140,IDkHHcf2Fdx,e76NoYiPLJD
1141,VSuEAjhkpg3,HllvX50cXC0
1142,yBkiklHuwne,X9MHIf0Wm6y
1143,yBkiklHuwne,WeHrikdo7oo
1144,yBkiklHuwne,hPnuIjnYi9C
1145,yBkiklHuwne,eSNEiqOgZ03
1146,yBkiklHuwne,Jy5IeplgNcs
1147,yBkiklHuwne,VgMvVNtkUPv
1148,yBkiklHuwne,Fh2PZJLtV3U
1149,yBkiklHuwne,bOIEbuipQ0H
1150,yBkiklHuwne,p3TAhB2UZiS
1151,yBkiklHuwne,xvR3x8vLvRK
1152,yBkiklHuwne,efl41btBUk9
1153,yBkiklHuwne,ccisVG8SxHv
1154,yBkiklHuwne,ZG21E9j1Bod
1155,yBkiklHuwne,UdeU9gsKqI3
1156,yBkiklHuwne,DI0hjMRK5Zh
1157,yBkiklHuwne,ov2i9IayA9m
1158,yBkiklHuwne,qX0d8PnsJvA
1159,yBkiklHuwne,WkldENuMjt8
1160,yBkiklHuwne,z9OAlfoLrhF
1161,yBkiklHuwne,xhGDprZjJIy
1162,yBkiklHuwne,KMjCdte3nlv
1163,yBkiklHuwne,ameRGjO5AW3
1164,yBkiklHuwne,LncgC06sQdO
1165,yBkiklHuwne,LQQ8pGWtkiH
1166,yBkiklHuwne,UXnM8Pm6vP0
1167,yBkiklHuwne,ksXHrNHHHtY
1168,yBkiklHuwne,bfTAqApCiIb
1169,yBkiklHuwne,nm7Wxy7HTuy
1170,yBkiklHuwne,o9EG0vv4RnO
1171,yBkiklHuwne,rZLHuzg0Ayi
1172,yBkiklHuwne,KrzsPmVyImR
1173,yBkiklHuwne,Xyw52ZcXySb
1174,yBkiklHuwne,rkY5vfbP0SS
1175,yBkiklHuwne,Fs6BHLQjg0X
1176,yBkiklHuwne,ynUrqiup3kq
1177,yBkiklHuwne,jyFTrTgVa4f
1178,yBkiklHuwne,Q4x8VVc7mIr
1179,yBkiklHuwne,gc1jRPFfixe
1180,yBkiklHuwne,O5LjnhjNuTx
1181,yBkiklHuwne,ZFaU7TaQRZp
1182,yBkiklHuwne,FbXf2g4uhos
1183,yBkiklHuwne,iCcPaU1SKnO
1184,yBkiklHuwne,gKitHl8ew3R
1185,yBkiklHuwne,Ac7sRwrAia6
1186,yBkiklHuwne,l6wDtNtWMD6
1187,awNr3PBxRtR,HllvX50cXC0
1188,uEqTLSvaBFd,X9MHIf0Wm6y
1189,uEqTLSvaBFd,WeHrikdo7oo
1190,uEqTLSvaBFd,hPnuIjnYi9C
1191,uEqTLSvaBFd,eSNEiqOgZ03
1192,uEqTLSvaBFd,Jy5IeplgNcs
1193,uEqTLSvaBFd,VgMvVNtkUPv
1194,uEqTLSvaBFd,Fh2PZJLtV3U
1195,uEqTLSvaBFd,bOIEbuipQ0H
1196,uEqTLSvaBFd,p3TAhB2UZiS
1197,uEqTLSvaBFd,xvR3x8vLvRK
1198,uEqTLSvaBFd,efl41btBUk9
1199,uEqTLSvaBFd,ccisVG8SxHv
1200,uEqTLSvaBFd,ZG21E9j1Bod
1201,uEqTLSvaBFd,UdeU9gsKqI3
1202,uEqTLSvaBFd,DI0hjMRK5Zh
1203,uEqTLSvaBFd,ov2i9IayA9m
1204,uEqTLSvaBFd,qX0d8PnsJvA
1205,uEqTLSvaBFd,WkldENuMjt8
1206,uEqTLSvaBFd,z9OAlfoLrhF
1207,uEqTLSvaBFd,xhGDprZjJIy
1208,uEqTLSvaBFd,KMjCdte3nlv
1209,uEqTLSvaBFd,ameRGjO5AW3
1210,uEqTLSvaBFd,LncgC06sQdO
1211,uEqTLSvaBFd,LQQ8pGWtkiH
1212,uEqTLSvaBFd,UXnM8Pm6vP0
1213,uEqTLSvaBFd,ksXHrNHHHtY
1214,uEqTLSvaBFd,bfTAqApCiIb
1215,uEqTLSvaBFd,nm7Wxy7HTuy
1216,uEqTLSvaBFd,o9EG0vv4RnO
1217,uEqTLSvaBFd,rZLHuzg0Ayi
1218,uEqTLSvaBFd,KrzsPmVyImR
1219,uEqTLSvaBFd,Xyw52ZcXySb
1220,uEqTLSvaBFd,rkY5vfbP0SS
1221,uEqTLSvaBFd,Fs6BHLQjg0X
1222,uEqTLSvaBFd,ynUrqiup3kq
1223,uEqTLSvaBFd,jyFTrTgVa4f
1224,uEqTLSvaBFd,Q4x8VVc7mIr
1225,uEqTLSvaBFd,gc1jRPFfixe
1226,uEqTLSvaBFd,O5LjnhjNuTx
1227,uEqTLSvaBFd,ZFaU7TaQRZp
1228,uEqTLSvaBFd,FbXf2g4uhos
1229,uEqTLSvaBFd,iCcPaU1SKnO
1230,uEqTLSvaBFd,gKitHl8ew3R
1231,uEqTLSvaBFd,Ac7sRwrAia6
1232,uEqTLSvaBFd,l6wDtNtWMD6
1233,UoaGo2p2XSa,HllvX50cXC0
1234,OMq2TLc3nt0,HllvX50cXC0
1235,pWIj3E7teST,HllvX50cXC0
1236,LpM6ADG2duN,HllvX50cXC0
1237,TyScVue0q2V,HllvX50cXC0
1238,R6Hab5TGlDx,HllvX50cXC0
1239,zyMJoyTBAPg,HllvX50cXC0
1240,rPhjTy1Vovv,HllvX50cXC0
1241,SJfBwddlfhu,u61PsXzKvDB
1242,SJfBwddlfhu,kFencUvCZfb
1243,SJfBwddlfhu,G9wvEIMSGmO
1244,SJfBwddlfhu,yR9K2nXGDJs
1245,SJfBwddlfhu,yUnt7ColJ7X
1246,SJfBwddlfhu,QtnSI2zMzc0
1247,IsyCbSx82Tl,HllvX50cXC0
1248,iyHv5ZAvDpl,HllvX50cXC0
1249,EHyI7eYeoH1,HllvX50cXC0
1250,Wtl3AK0zl7K,HllvX50cXC0
1251,DrDkm16Ya0B,HllvX50cXC0
1252,CqXFeqgb491,X9MHIf0Wm6y
1253,CqXFeqgb491,WeHrikdo7oo
1254,CqXFeqgb491,hPnuIjnYi9C
1255,CqXFeqgb491,eSNEiqOgZ03
1256,CqXFeqgb491,Jy5IeplgNcs
1257,CqXFeqgb491,VgMvVNtkUPv
1258,CqXFeqgb491,Fh2PZJLtV3U
1259,CqXFeqgb491,bOIEbuipQ0H
1260,CqXFeqgb491,p3TAhB2UZiS
1261,CqXFeqgb491,xvR3x8vLvRK
1262,CqXFeqgb491,efl41btBUk9
1263,CqXFeqgb491,ccisVG8SxHv
1264,CqXFeqgb491,ZG21E9j1Bod
1265,CqXFeqgb491,UdeU9gsKqI3
1266,CqXFeqgb491,DI0hjMRK5Zh
1267,CqXFeqgb491,ov2i9IayA9m
1268,CqXFeqgb491,qX0d8PnsJvA
1269,CqXFeqgb491,WkldENuMjt8
1270,CqXFeqgb491,z9OAlfoLrhF
1271,CqXFeqgb491,xhGDprZjJIy
1272,CqXFeqgb491,KMjCdte3nlv
1273,CqXFeqgb491,ameRGjO5AW3
1274,CqXFeqgb491,LncgC06sQdO
1275,CqXFeqgb491,LQQ8pGWtkiH
1276,CqXFeqgb491,UXnM8Pm6vP0
1277,CqXFeqgb491,ksXHrNHHHtY
1278,CqXFeqgb491,bfTAqApCiIb
1279,CqXFeqgb491,nm7Wxy7HTuy
1280,CqXFeqgb491,o9EG0vv4RnO
1281,CqXFeqgb491,rZLHuzg0Ayi
1282,CqXFeqgb491,KrzsPmVyImR
1283,CqXFeqgb491,Xyw52ZcXySb
1284,CqXFeqgb491,rkY5vfbP0SS
1285,CqXFeqgb491,Fs6BHLQjg0X
1286,CqXFeqgb491,ynUrqiup3kq
1287,CqXFeqgb491,jyFTrTgVa4f
1288,CqXFeqgb491,Q4x8VVc7mIr
1289,CqXFeqgb491,gc1jRPFfixe
1290,CqXFeqgb491,O5LjnhjNuTx
1291,CqXFeqgb491,ZFaU7TaQRZp
1292,CqXFeqgb491,FbXf2g4uhos
1293,CqXFeqgb491,iCcPaU1SKnO
1294,CqXFeqgb491,gKitHl8ew3R
1295,CqXFeqgb491,Ac7sRwrAia6
1296,CqXFeqgb491,l6wDtNtWMD6
1297,YtRhG7MI5Ls,HllvX50cXC0
1298,Y311j0z9uy7,HllvX50cXC0
1299,FKsdBDFpAuu,aAUl3oSbjQ0
1300,FKsdBDFpAuu,AW4Ucr9cP3D
1301,FKsdBDFpAuu,bsWpmeFDgne
1302,FKsdBDFpAuu,u6Uplq3k5YQ
1303,FKsdBDFpAuu,PITMNJLqPqE
1304,FKsdBDFpAuu,QlHR7KnnOR6
1305,FKsdBDFpAuu,xpsDbGdb4fQ
1306,FKsdBDFpAuu,ryel4bxsuJn
1307,FKsdBDFpAuu,ggMgnrX4JOu
1308,nRDxhrmVXZk,HllvX50cXC0
1309,VJjezz2WAqu,HllvX50cXC0
1310,zkzJZxS01UL,HllvX50cXC0
1311,G5MxyfW7dH5,HllvX50cXC0
1312,mY67oZffpOd,HllvX50cXC0
1313,P5EYSu03Omh,HllvX50cXC0
1314,UrW2mViO9dP,HllvX50cXC0
1315,slsXAv1Jqtc,BeRF3zMEZbH
1316,slsXAv1Jqtc,VtGL2a02Zdy
1317,slsXAv1Jqtc,tNcj45HOMtN
1318,slsXAv1Jqtc,zeiKRhhLTgG
1319,slsXAv1Jqtc,S0V1yKFSmIK
1320,slsXAv1Jqtc,G00QudFigfT
1321,slsXAv1Jqtc,onPBAc3DQta
1322,slsXAv1Jqtc,WzRVmX4LwLX
1323,slsXAv1Jqtc,e76NoYiPLJD
1324,xSWi87nPvsg,HllvX50cXC0
1325,pr8BhPFhXRF,X9MHIf0Wm6y
1326,pr8BhPFhXRF,WeHrikdo7oo
1327,pr8BhPFhXRF,hPnuIjnYi9C
1328,pr8BhPFhXRF,eSNEiqOgZ03
1329,pr8BhPFhXRF,Jy5IeplgNcs
1330,pr8BhPFhXRF,VgMvVNtkUPv
1331,pr8BhPFhXRF,Fh2PZJLtV3U
1332,pr8BhPFhXRF,bOIEbuipQ0H
1333,pr8BhPFhXRF,p3TAhB2UZiS
1334,pr8BhPFhXRF,xvR3x8vLvRK
1335,pr8BhPFhXRF,efl41btBUk9
1336,pr8BhPFhXRF,ccisVG8SxHv
1337,pr8BhPFhXRF,ZG21E9j1Bod
1338,pr8BhPFhXRF,UdeU9gsKqI3
1339,pr8BhPFhXRF,DI0hjMRK5Zh
1340,pr8BhPFhXRF,ov2i9IayA9m
1341,pr8BhPFhXRF,qX0d8PnsJvA
1342,pr8BhPFhXRF,WkldENuMjt8
1343,pr8BhPFhXRF,z9OAlfoLrhF
1344,pr8BhPFhXRF,xhGDprZjJIy
1345,pr8BhPFhXRF,KMjCdte3nlv
1346,pr8BhPFhXRF,ameRGjO5AW3
1347,pr8BhPFhXRF,LncgC06sQdO
1348,pr8BhPFhXRF,LQQ8pGWtkiH
1349,pr8BhPFhXRF,UXnM8Pm6vP0
1350,pr8BhPFhXRF,ksXHrNHHHtY
1351,pr8BhPFhXRF,bfTAqApCiIb
1352,pr8BhPFhXRF,nm7Wxy7HTuy
1353,pr8BhPFhXRF,o9EG0vv4RnO
1354,pr8BhPFhXRF,rZLHuzg0Ayi
1355,pr8BhPFhXRF,KrzsPmVyImR
1356,pr8BhPFhXRF,Xyw52ZcXySb
1357,pr8BhPFhXRF,rkY5vfbP0SS
1358,pr8BhPFhXRF,Fs6BHLQjg0X
1359,pr8BhPFhXRF,ynUrqiup3kq
1360,pr8BhPFhXRF,jyFTrTgVa4f
1361,pr8BhPFhXRF,Q4x8VVc7mIr
1362,pr8BhPFhXRF,gc1jRPFfixe
1363,pr8BhPFhXRF,O5LjnhjNuTx
1364,pr8BhPFhXRF,ZFaU7TaQRZp
1365,pr8BhPFhXRF,FbXf2g4uhos
1366,pr8BhPFhXRF,iCcPaU1SKnO
1367,pr8BhPFhXRF,gKitHl8ew3R
1368,pr8BhPFhXRF,Ac7sRwrAia6
1369,pr8BhPFhXRF,l6wDtNtWMD6
1370,aJ7qRn2xZJX,HllvX50cXC0
1371,LYbhHOu7RA5,HllvX50cXC0
1372,Z74IqKrAu2R,HllvX50cXC0
1373,wj8rSCxEd9e,HllvX50cXC0
1374,jkLKbugzh9s,HllvX50cXC0
1375,DORqImfxgss,HllvX50cXC0
1376,PS2RpCXHCda,HllvX50cXC0
1377,XfUP592funq,HllvX50cXC0
1378,tvi3xHN1zsJ,HllvX50cXC0
1379,TZeQTEOfD1B,HllvX50cXC0
1380,OwLbdAphoNp,HllvX50cXC0
1381,QIC0XgZlswS,HllvX50cXC0
1382,Hx3zLfMbdEL,HllvX50cXC0
1383,L8SIaXr7Atz,HllvX50cXC0
1384,DyCyRhBfsxT,j08vF9Q3MtR
1385,DyCyRhBfsxT,zATcqMicCq6
1386,DyCyRhBfsxT,S5jKvo4zK92
1387,DyCyRhBfsxT,JT7ZfsZzRC7
1388,DyCyRhBfsxT,cX3nLMMtk8a
1389,DyCyRhBfsxT,pFKnh5wE23R
1390,DyCyRhBfsxT,HvgRiNVsRdp
1391,DyCyRhBfsxT,XX7Uh0aJaSv
1392,DyCyRhBfsxT,preyOH6yQyj
1393,DyCyRhBfsxT,HAIojac4Pi7
1394,vlCCIaDbkBw,HllvX50cXC0
1395,PHzHQU8XPae,HllvX50cXC0
1396,ta0abIWR00o,HllvX50cXC0
1397,Kcc1UqcREfX,HllvX50cXC0
1398,DKP8p4TuogU,HllvX50cXC0
1399,kas0Nz9dhGT,HllvX50cXC0
1400,WWPOwDdMfqS,HllvX50cXC0
1401,doKuLrlQO0v,HllvX50cXC0
1402,SWGZmBEEhT6,X9MHIf0Wm6y
1403,SWGZmBEEhT6,WeHrikdo7oo
1404,SWGZmBEEhT6,hPnuIjnYi9C
1405,SWGZmBEEhT6,eSNEiqOgZ03
1406,SWGZmBEEhT6,Jy5IeplgNcs
1407,SWGZmBEEhT6,VgMvVNtkUPv
1408,SWGZmBEEhT6,Fh2PZJLtV3U
1409,SWGZmBEEhT6,bOIEbuipQ0H
1410,SWGZmBEEhT6,p3TAhB2UZiS
1411,SWGZmBEEhT6,xvR3x8vLvRK
1412,SWGZmBEEhT6,efl41btBUk9
1413,SWGZmBEEhT6,ccisVG8SxHv
1414,SWGZmBEEhT6,ZG21E9j1Bod
1415,SWGZmBEEhT6,UdeU9gsKqI3
1416,SWGZmBEEhT6,DI0hjMRK5Zh
1417,SWGZmBEEhT6,ov2i9IayA9m
1418,SWGZmBEEhT6,qX0d8PnsJvA
1419,SWGZmBEEhT6,WkldENuMjt8
1420,SWGZmBEEhT6,z9OAlfoLrhF
1421,SWGZmBEEhT6,xhGDprZjJIy
1422,SWGZmBEEhT6,KMjCdte3nlv
1423,SWGZmBEEhT6,ameRGjO5AW3
1424,SWGZmBEEhT6,LncgC06sQdO
1425,SWGZmBEEhT6,LQQ8pGWtkiH
1426,SWGZmBEEhT6,UXnM8Pm6vP0
1427,SWGZmBEEhT6,ksXHrNHHHtY
1428,SWGZmBEEhT6,bfTAqApCiIb
1429,SWGZmBEEhT6,nm7Wxy7HTuy
1430,SWGZmBEEhT6,o9EG0vv4RnO
1431,SWGZmBEEhT6,rZLHuzg0Ayi
1432,SWGZmBEEhT6,KrzsPmVyImR
1433,SWGZmBEEhT6,Xyw52ZcXySb
1434,SWGZmBEEhT6,rkY5vfbP0SS
1435,SWGZmBEEhT6,Fs6BHLQjg0X
1436,SWGZmBEEhT6,ynUrqiup3kq
1437,SWGZmBEEhT6,jyFTrTgVa4f
1438,SWGZmBEEhT6,Q4x8VVc7mIr
1439,SWGZmBEEhT6,gc1jRPFfixe
1440,SWGZmBEEhT6,O5LjnhjNuTx
1441,SWGZmBEEhT6,ZFaU7TaQRZp
1442,SWGZmBEEhT6,FbXf2g4uhos
1443,SWGZmBEEhT6,iCcPaU1SKnO
1444,SWGZmBEEhT6,gKitHl8ew3R
1445,SWGZmBEEhT6,Ac7sRwrAia6
1446,SWGZmBEEhT6,l6wDtNtWMD6
1447,FGer9X7aDSk,X9MHIf0Wm6y
1448,FGer9X7aDSk,WeHrikdo7oo
1449,FGer9X7aDSk,hPnuIjnYi9C
1450,FGer9X7aDSk,eSNEiqOgZ03
1451,FGer9X7aDSk,Jy5IeplgNcs
1452,FGer9X7aDSk,VgMvVNtkUPv
1453,FGer9X7aDSk,Fh2PZJLtV3U
1454,FGer9X7aDSk,bOIEbuipQ0H
1455,FGer9X7aDSk,p3TAhB2UZiS
1456,FGer9X7aDSk,xvR3x8vLvRK
1457,FGer9X7aDSk,efl41btBUk9
1458,FGer9X7aDSk,ccisVG8SxHv
1459,FGer9X7aDSk,ZG21E9j1Bod
1460,FGer9X7aDSk,UdeU9gsKqI3
1461,FGer9X7aDSk,DI0hjMRK5Zh
1462,FGer9X7aDSk,ov2i9IayA9m
1463,FGer9X7aDSk,qX0d8PnsJvA
1464,FGer9X7aDSk,WkldENuMjt8
1465,FGer9X7aDSk,z9OAlfoLrhF
1466,FGer9X7aDSk,xhGDprZjJIy
1467,FGer9X7aDSk,KMjCdte3nlv
1468,FGer9X7aDSk,ameRGjO5AW3
1469,FGer9X7aDSk,LncgC06sQdO
1470,FGer9X7aDSk,LQQ8pGWtkiH
1471,FGer9X7aDSk,UXnM8Pm6vP0
1472,FGer9X7aDSk,ksXHrNHHHtY
1473,FGer9X7aDSk,bfTAqApCiIb
1474,FGer9X7aDSk,nm7Wxy7HTuy
1475,FGer9X7aDSk,o9EG0vv4RnO
1476,FGer9X7aDSk,rZLHuzg0Ayi
1477,FGer9X7aDSk,KrzsPmVyImR
1478,FGer9X7aDSk,Xyw52ZcXySb
1479,FGer9X7aDSk,rkY5vfbP0SS
1480,FGer9X7aDSk,Fs6BHLQjg0X
1481,FGer9X7aDSk,ynUrqiup3kq
1482,FGer9X7aDSk,jyFTrTgVa4f
1483,FGer9X7aDSk,Q4x8VVc7mIr
1484,FGer9X7aDSk,gc1jRPFfixe
1485,FGer9X7aDSk,O5LjnhjNuTx
1486,FGer9X7aDSk,ZFaU7TaQRZp
1487,FGer9X7aDSk,FbXf2g4uhos
1488,FGer9X7aDSk,iCcPaU1SKnO
1489,FGer9X7aDSk,gKitHl8ew3R
1490,FGer9X7aDSk,Ac7sRwrAia6
1491,FGer9X7aDSk,l6wDtNtWMD6
1492,lLCw5i5eoQn,HllvX50cXC0
1493,gMKw8wWc6IH,HllvX50cXC0
1494,zlWsJ2uBkTC,HllvX50cXC0
1495,h6VEWpbIw5j,HllvX50cXC0
1496,tYC3HDL512l,HllvX50cXC0
1497,yCFhLSgtm2V,HllvX50cXC0
1498,wDU2VlALGnN,HllvX50cXC0
1499,uPzFvnylwxF,HllvX50cXC0
1500,RY0qt9jp0nZ,HllvX50cXC0
1501,Xl9LoXyDBQi,HllvX50cXC0
1502,HguwEg0juDT,HllvX50cXC0
1503,aTpLorJB8OX,HllvX50cXC0
1504,Tw42gJieX11,HllvX50cXC0
1505,j2s5gC1NAdq,u61PsXzKvDB
1506,j2s5gC1NAdq,kFencUvCZfb
1507,j2s5gC1NAdq,G9wvEIMSGmO
1508,j2s5gC1NAdq,yR9K2nXGDJs
1509,j2s5gC1NAdq,yUnt7ColJ7X
1510,j2s5gC1NAdq,QtnSI2zMzc0
1511,JMV3qP825Pe,HllvX50cXC0
1512,Dz8eF4R8wCZ,HllvX50cXC0
1513,yZo1ZXzFVTx,HllvX50cXC0
1514,SpoSb2vUZTB,HllvX50cXC0
1515,S8VpnPS89ZJ,HllvX50cXC0
1516,yHqjB7fuSBv,X9MHIf0Wm6y
1517,yHqjB7fuSBv,WeHrikdo7oo
1518,yHqjB7fuSBv,hPnuIjnYi9C
1519,yHqjB7fuSBv,eSNEiqOgZ03
1520,yHqjB7fuSBv,Jy5IeplgNcs
1521,yHqjB7fuSBv,VgMvVNtkUPv
1522,yHqjB7fuSBv,Fh2PZJLtV3U
1523,yHqjB7fuSBv,bOIEbuipQ0H
1524,yHqjB7fuSBv,p3TAhB2UZiS
1525,yHqjB7fuSBv,xvR3x8vLvRK
1526,yHqjB7fuSBv,efl41btBUk9
1527,yHqjB7fuSBv,ccisVG8SxHv
1528,yHqjB7fuSBv,ZG21E9j1Bod
1529,yHqjB7fuSBv,UdeU9gsKqI3
1530,yHqjB7fuSBv,DI0hjMRK5Zh
1531,yHqjB7fuSBv,ov2i9IayA9m
1532,yHqjB7fuSBv,qX0d8PnsJvA
1533,yHqjB7fuSBv,WkldENuMjt8
1534,yHqjB7fuSBv,z9OAlfoLrhF
1535,yHqjB7fuSBv,xhGDprZjJIy
1536,yHqjB7fuSBv,KMjCdte3nlv
1537,yHqjB7fuSBv,ameRGjO5AW3
1538,yHqjB7fuSBv,LncgC06sQdO
1539,yHqjB7fuSBv,LQQ8pGWtkiH
1540,yHqjB7fuSBv,UXnM8Pm6vP0
1541,yHqjB7fuSBv,ksXHrNHHHtY
1542,yHqjB7fuSBv,bfTAqApCiIb
1543,yHqjB7fuSBv,nm7Wxy7HTuy
1544,yHqjB7fuSBv,o9EG0vv4RnO
1545,yHqjB7fuSBv,rZLHuzg0Ayi
1546,yHqjB7fuSBv,KrzsPmVyImR
1547,yHqjB7fuSBv,Xyw52ZcXySb
1548,yHqjB7fuSBv,rkY5vfbP0SS
1549,yHqjB7fuSBv,Fs6BHLQjg0X
1550,yHqjB7fuSBv,ynUrqiup3kq
1551,yHqjB7fuSBv,jyFTrTgVa4f
1552,yHqjB7fuSBv,Q4x8VVc7mIr
1553,yHqjB7fuSBv,gc1jRPFfixe
1554,yHqjB7fuSBv,O5LjnhjNuTx
1555,yHqjB7fuSBv,ZFaU7TaQRZp
1556,yHqjB7fuSBv,FbXf2g4uhos
1557,yHqjB7fuSBv,iCcPaU1SKnO
1558,yHqjB7fuSBv,gKitHl8ew3R
1559,yHqjB7fuSBv,Ac7sRwrAia6
1560,yHqjB7fuSBv,l6wDtNtWMD6
1561,q9fFZr7WSRp,HllvX50cXC0
1562,sbA8zvsMWlv,X9MHIf0Wm6y
1563,sbA8zvsMWlv,WeHrikdo7oo
1564,sbA8zvsMWlv,hPnuIjnYi9C
1565,sbA8zvsMWlv,eSNEiqOgZ03
1566,sbA8zvsMWlv,Jy5IeplgNcs
1567,sbA8zvsMWlv,VgMvVNtkUPv
1568,sbA8zvsMWlv,Fh2PZJLtV3U
1569,sbA8zvsMWlv,bOIEbuipQ0H
1570,sbA8zvsMWlv,p3TAhB2UZiS
1571,sbA8zvsMWlv,xvR3x8vLvRK
1572,sbA8zvsMWlv,efl41btBUk9
1573,sbA8zvsMWlv,ccisVG8SxHv
1574,sbA8zvsMWlv,ZG21E9j1Bod
1575,sbA8zvsMWlv,UdeU9gsKqI3
1576,sbA8zvsMWlv,DI0hjMRK5Zh
1577,sbA8zvsMWlv,ov2i9IayA9m
1578,sbA8zvsMWlv,qX0d8PnsJvA
1579,sbA8zvsMWlv,WkldENuMjt8
1580,sbA8zvsMWlv,z9OAlfoLrhF
1581,sbA8zvsMWlv,xhGDprZjJIy
1582,sbA8zvsMWlv,KMjCdte3nlv
1583,sbA8zvsMWlv,ameRGjO5AW3
1584,sbA8zvsMWlv,LncgC06sQdO
1585,sbA8zvsMWlv,LQQ8pGWtkiH
1586,sbA8zvsMWlv,UXnM8Pm6vP0
1587,sbA8zvsMWlv,ksXHrNHHHtY
1588,sbA8zvsMWlv,bfTAqApCiIb
1589,sbA8zvsMWlv,nm7Wxy7HTuy
1590,sbA8zvsMWlv,o9EG0vv4RnO
1591,sbA8zvsMWlv,rZLHuzg0Ayi
1592,sbA8zvsMWlv,KrzsPmVyImR
1593,sbA8zvsMWlv,Xyw52ZcXySb
1594,sbA8zvsMWlv,rkY5vfbP0SS
1595,sbA8zvsMWlv,Fs6BHLQjg0X
1596,sbA8zvsMWlv,ynUrqiup3kq
1597,sbA8zvsMWlv,jyFTrTgVa4f
1598,sbA8zvsMWlv,Q4x8VVc7mIr
1599,sbA8zvsMWlv,gc1jRPFfixe
1600,sbA8zvsMWlv,O5LjnhjNuTx
1601,sbA8zvsMWlv,ZFaU7TaQRZp
1602,sbA8zvsMWlv,FbXf2g4uhos
1603,sbA8zvsMWlv,iCcPaU1SKnO
1604,sbA8zvsMWlv,gKitHl8ew3R
1605,sbA8zvsMWlv,Ac7sRwrAia6
1606,sbA8zvsMWlv,l6wDtNtWMD6
1607,vUni7HncD5H,HllvX50cXC0
1608,aaGYInATRwj,HllvX50cXC0
1609,Z6fz0YSRNWq,HllvX50cXC0
1610,TZkw6GmubnT,HllvX50cXC0
1611,HEVh1IAiSns,HllvX50cXC0
1612,LEuMC86LRZ0,HllvX50cXC0
1613,iEUEnMRSJak,u61PsXzKvDB
1614,iEUEnMRSJak,kFencUvCZfb
1615,iEUEnMRSJak,G9wvEIMSGmO
1616,iEUEnMRSJak,yR9K2nXGDJs
1617,iEUEnMRSJak,yUnt7ColJ7X
1618,iEUEnMRSJak,QtnSI2zMzc0
1619,IFwR6d3AoXx,HllvX50cXC0
1620,vXfooQLBVof,HllvX50cXC0
1621,JfOGWtiSj1J,HllvX50cXC0
1622,SaePW1w1INK,aAUl3oSbjQ0
1623,SaePW1w1INK,AW4Ucr9cP3D
1624,SaePW1w1INK,bsWpmeFDgne
1625,SaePW1w1INK,u6Uplq3k5YQ
1626,SaePW1w1INK,PITMNJLqPqE
1627,SaePW1w1INK,QlHR7KnnOR6
1628,SaePW1w1INK,xpsDbGdb4fQ
1629,SaePW1w1INK,ryel4bxsuJn
1630,SaePW1w1INK,ggMgnrX4JOu
1631,CXW0ReX8CGY,HllvX50cXC0
1632,GwNyBcwsx5X,j08vF9Q3MtR
1633,GwNyBcwsx5X,zATcqMicCq6
1634,GwNyBcwsx5X,S5jKvo4zK92
1635,GwNyBcwsx5X,JT7ZfsZzRC7
1636,GwNyBcwsx5X,cX3nLMMtk8a
1637,GwNyBcwsx5X,pFKnh5wE23R
1638,GwNyBcwsx5X,HvgRiNVsRdp
1639,GwNyBcwsx5X,XX7Uh0aJaSv
1640,GwNyBcwsx5X,preyOH6yQyj
1641,GwNyBcwsx5X,HAIojac4Pi7
1642,LWtgifxkOQg,HllvX50cXC0
1643,QJpefO3BuLI,HllvX50cXC0
1644,nY1Zl8YQZwa,HllvX50cXC0
1645,TktYuDljQeZ,HllvX50cXC0
1646,FgIwttGZG84,X9MHIf0Wm6y
1647,FgIwttGZG84,WeHrikdo7oo
1648,FgIwttGZG84,hPnuIjnYi9C
1649,FgIwttGZG84,eSNEiqOgZ03
1650,FgIwttGZG84,Jy5IeplgNcs
1651,FgIwttGZG84,VgMvVNtkUPv
1652,FgIwttGZG84,Fh2PZJLtV3U
1653,FgIwttGZG84,bOIEbuipQ0H
1654,FgIwttGZG84,p3TAhB2UZiS
1655,FgIwttGZG84,xvR3x8vLvRK
1656,FgIwttGZG84,efl41btBUk9
1657,FgIwttGZG84,ccisVG8SxHv
1658,FgIwttGZG84,ZG21E9j1Bod
1659,FgIwttGZG84,UdeU9gsKqI3
1660,FgIwttGZG84,DI0hjMRK5Zh
1661,FgIwttGZG84,ov2i9IayA9m
1662,FgIwttGZG84,qX0d8PnsJvA
1663,FgIwttGZG84,WkldENuMjt8
1664,FgIwttGZG84,z9OAlfoLrhF
1665,FgIwttGZG84,xhGDprZjJIy
1666,FgIwttGZG84,KMjCdte3nlv
1667,FgIwttGZG84,ameRGjO5AW3
1668,FgIwttGZG84,LncgC06sQdO
1669,FgIwttGZG84,LQQ8pGWtkiH
1670,FgIwttGZG84,UXnM8Pm6vP0
1671,FgIwttGZG84,ksXHrNHHHtY
1672,FgIwttGZG84,bfTAqApCiIb
1673,FgIwttGZG84,nm7Wxy7HTuy
1674,FgIwttGZG84,o9EG0vv4RnO
1675,FgIwttGZG84,rZLHuzg0Ayi
1676,FgIwttGZG84,KrzsPmVyImR
1677,FgIwttGZG84,Xyw52ZcXySb
1678,FgIwttGZG84,rkY5vfbP0SS
1679,FgIwttGZG84,Fs6BHLQjg0X
1680,FgIwttGZG84,ynUrqiup3kq
1681,FgIwttGZG84,jyFTrTgVa4f
1682,FgIwttGZG84,Q4x8VVc7mIr
1683,FgIwttGZG84,gc1jRPFfixe
1684,FgIwttGZG84,O5LjnhjNuTx
1685,FgIwttGZG84,ZFaU7TaQRZp
1686,FgIwttGZG84,FbXf2g4uhos
1687,FgIwttGZG84,iCcPaU1SKnO
1688,FgIwttGZG84,gKitHl8ew3R
1689,FgIwttGZG84,Ac7sRwrAia6
1690,FgIwttGZG84,l6wDtNtWMD6
1691,cxhuYzdHB5s,HllvX50cXC0
1692,VUuWTu140hl,HllvX50cXC0
1693,vnwcJP0Ktoo,HllvX50cXC0
1694,WFWo6gd8q84,HllvX50cXC0
1695,JBdnQRzdetM,HllvX50cXC0
1696,h6mgdYhK0VQ,HllvX50cXC0
1697,A3tyalJbIgS,HllvX50cXC0
1698,SxFU9oxVzDk,HllvX50cXC0
1699,asWZcgcckzZ,HllvX50cXC0
1700,HYgmHZAlikA,X9MHIf0Wm6y
1701,HYgmHZAlikA,WeHrikdo7oo
1702,HYgmHZAlikA,hPnuIjnYi9C
1703,HYgmHZAlikA,eSNEiqOgZ03
1704,HYgmHZAlikA,Jy5IeplgNcs
1705,HYgmHZAlikA,VgMvVNtkUPv
1706,HYgmHZAlikA,Fh2PZJLtV3U
1707,HYgmHZAlikA,bOIEbuipQ0H
1708,HYgmHZAlikA,p3TAhB2UZiS
1709,HYgmHZAlikA,xvR3x8vLvRK
1710,HYgmHZAlikA,efl41btBUk9
1711,HYgmHZAlikA,ccisVG8SxHv
1712,HYgmHZAlikA,ZG21E9j1Bod
1713,HYgmHZAlikA,UdeU9gsKqI3
1714,HYgmHZAlikA,DI0hjMRK5Zh
1715,HYgmHZAlikA,ov2i9IayA9m
1716,HYgmHZAlikA,qX0d8PnsJvA
1717,HYgmHZAlikA,WkldENuMjt8
1718,HYgmHZAlikA,z9OAlfoLrhF
1719,HYgmHZAlikA,xhGDprZjJIy
1720,HYgmHZAlikA,KMjCdte3nlv
1721,HYgmHZAlikA,ameRGjO5AW3
1722,HYgmHZAlikA,LncgC06sQdO
1723,HYgmHZAlikA,LQQ8pGWtkiH
1724,HYgmHZAlikA,UXnM8Pm6vP0
1725,HYgmHZAlikA,ksXHrNHHHtY
1726,HYgmHZAlikA,bfTAqApCiIb
1727,HYgmHZAlikA,nm7Wxy7HTuy
1728,HYgmHZAlikA,o9EG0vv4RnO
1729,HYgmHZAlikA,rZLHuzg0Ayi
1730,HYgmHZAlikA,KrzsPmVyImR
1731,HYgmHZAlikA,Xyw52ZcXySb
1732,HYgmHZAlikA,rkY5vfbP0SS
1733,HYgmHZAlikA,Fs6BHLQjg0X
1734,HYgmHZAlikA,ynUrqiup3kq
1735,HYgmHZAlikA,jyFTrTgVa4f
1736,HYgmHZAlikA,Q4x8VVc7mIr
1737,HYgmHZAlikA,gc1jRPFfixe
1738,HYgmHZAlikA,O5LjnhjNuTx
1739,HYgmHZAlikA,ZFaU7TaQRZp
1740,HYgmHZAlikA,FbXf2g4uhos
1741,HYgmHZAlikA,iCcPaU1SKnO
1742,HYgmHZAlikA,gKitHl8ew3R
1743,HYgmHZAlikA,Ac7sRwrAia6
1744,HYgmHZAlikA,l6wDtNtWMD6
1745,TIkGhlmaAxY,j08vF9Q3MtR
1746,TIkGhlmaAxY,zATcqMicCq6
1747,TIkGhlmaAxY,S5jKvo4zK92
1748,TIkGhlmaAxY,JT7ZfsZzRC7
1749,TIkGhlmaAxY,cX3nLMMtk8a
1750,TIkGhlmaAxY,pFKnh5wE23R
1751,TIkGhlmaAxY,HvgRiNVsRdp
1752,TIkGhlmaAxY,XX7Uh0aJaSv
1753,TIkGhlmaAxY,preyOH6yQyj
1754,TIkGhlmaAxY,HAIojac4Pi7
1755,zGgvWmAoA26,HllvX50cXC0
1756,fpzhsuLYZ5b,HllvX50cXC0
1757,SjoSPIgsOIy,HllvX50cXC0
1758,uy82zDUjjCl,HllvX50cXC0
1759,CjO5qomd6A5,HllvX50cXC0
1760,y8wjTLBBCSt,HllvX50cXC0
1761,FvpSeAddsKQ,HllvX50cXC0
1762,jibHGLFYWRX,u61PsXzKvDB
1763,jibHGLFYWRX,kFencUvCZfb
1764,jibHGLFYWRX,G9wvEIMSGmO
1765,jibHGLFYWRX,yR9K2nXGDJs
1766,jibHGLFYWRX,yUnt7ColJ7X
1767,jibHGLFYWRX,QtnSI2zMzc0
1768,ERiU13xMW1o,HllvX50cXC0
1769,ubBoPfBZF8D,HllvX50cXC0
1770,NHmtniGdEbw,HllvX50cXC0
1771,LhpfB8nVkzA,j08vF9Q3MtR
1772,LhpfB8nVkzA,zATcqMicCq6
1773,LhpfB8nVkzA,S5jKvo4zK92
1774,LhpfB8nVkzA,JT7ZfsZzRC7
1775,LhpfB8nVkzA,cX3nLMMtk8a
1776,LhpfB8nVkzA,pFKnh5wE23R
1777,LhpfB8nVkzA,HvgRiNVsRdp
1778,LhpfB8nVkzA,XX7Uh0aJaSv
1779,LhpfB8nVkzA,preyOH6yQyj
1780,LhpfB8nVkzA,HAIojac4Pi7
1781,jmpvzaJi5c0,HllvX50cXC0
1782,O7gTvu2U4l1,X9MHIf0Wm6y
1783,O7gTvu2U4l1,WeHrikdo7oo
1784,O7gTvu2U4l1,hPnuIjnYi9C
1785,O7gTvu2U4l1,eSNEiqOgZ03
1786,O7gTvu2U4l1,Jy5IeplgNcs
1787,O7gTvu2U4l1,VgMvVNtkUPv
1788,O7gTvu2U4l1,Fh2PZJLtV3U
1789,O7gTvu2U4l1,bOIEbuipQ0H
1790,O7gTvu2U4l1,p3TAhB2UZiS
1791,O7gTvu2U4l1,xvR3x8vLvRK
1792,O7gTvu2U4l1,efl41btBUk9
1793,O7gTvu2U4l1,ccisVG8SxHv
1794,O7gTvu2U4l1,ZG21E9j1Bod
1795,O7gTvu2U4l1,UdeU9gsKqI3
1796,O7gTvu2U4l1,DI0hjMRK5Zh
1797,O7gTvu2U4l1,ov2i9IayA9m
1798,O7gTvu2U4l1,qX0d8PnsJvA
1799,O7gTvu2U4l1,WkldENuMjt8
1800,O7gTvu2U4l1,z9OAlfoLrhF
1801,O7gTvu2U4l1,xhGDprZjJIy
1802,O7gTvu2U4l1,KMjCdte3nlv
1803,O7gTvu2U4l1,ameRGjO5AW3
1804,O7gTvu2U4l1,LncgC06sQdO
1805,O7gTvu2U4l1,LQQ8pGWtkiH
1806,O7gTvu2U4l1,UXnM8Pm6vP0
1807,O7gTvu2U4l1,ksXHrNHHHtY
1808,O7gTvu2U4l1,bfTAqApCiIb
1809,O7gTvu2U4l1,nm7Wxy7HTuy
1810,O7gTvu2U4l1,o9EG0vv4RnO
1811,O7gTvu2U4l1,rZLHuzg0Ayi
1812,O7gTvu2U4l1,KrzsPmVyImR
1813,O7gTvu2U4l1,Xyw52ZcXySb
1814,O7gTvu2U4l1,rkY5vfbP0SS
1815,O7gTvu2U4l1,Fs6BHLQjg0X
1816,O7gTvu2U4l1,ynUrqiup3kq
1817,O7gTvu2U4l1,jyFTrTgVa4f
1818,O7gTvu2U4l1,Q4x8VVc7mIr
1819,O7gTvu2U4l1,gc1jRPFfixe
1820,O7gTvu2U4l1,O5LjnhjNuTx
1821,O7gTvu2U4l1,ZFaU7TaQRZp
1822,O7gTvu2U4l1,FbXf2g4uhos
1823,O7gTvu2U4l1,iCcPaU1SKnO
1824,O7gTvu2U4l1,gKitHl8ew3R
1825,O7gTvu2U4l1,Ac7sRwrAia6
1826,O7gTvu2U4l1,l6wDtNtWMD6
1827,VsAzfy0YRjE,HllvX50cXC0
1828,gLc0j9gZ3Hz,HllvX50cXC0
1829,W7lV5TYWYwF,HllvX50cXC0
1830,Rc9Rhl5IzHB,HllvX50cXC0
1831,PFTxDUPFBuc,HllvX50cXC0
1832,daElHz1hFq3,HllvX50cXC0
1833,axcMYX63jsr,HllvX50cXC0
1834,oqBZ7B5bAvz,HllvX50cXC0
1835,eW4FVOhEeCP,HllvX50cXC0
1836,SkpUysoBjiU,HllvX50cXC0
1837,zjH9515Vbvh,HllvX50cXC0
1838,eu37Un07lDE,HllvX50cXC0
1839,NYW8hYLzspq,HllvX50cXC0
1840,PCgPk2ogPHn,HllvX50cXC0
1841,R1i21ipKUvI,HllvX50cXC0
1842,lvze6t5xhHb,HllvX50cXC0
1843,NrNzNOidiE8,HllvX50cXC0
1844,gt4nnXmktFt,HllvX50cXC0
1845,tKa9eCTAuTa,HllvX50cXC0
1846,VJFraxrKNQr,u61PsXzKvDB
1847,VJFraxrKNQr,kFencUvCZfb
1848,VJFraxrKNQr,G9wvEIMSGmO
1849,VJFraxrKNQr,yR9K2nXGDJs
1850,VJFraxrKNQr,yUnt7ColJ7X
1851,VJFraxrKNQr,QtnSI2zMzc0
1852,ehGEFdNMXh9,HllvX50cXC0
1853,AOjHKsS7vyM,X9MHIf0Wm6y
1854,AOjHKsS7vyM,WeHrikdo7oo
1855,AOjHKsS7vyM,hPnuIjnYi9C
1856,AOjHKsS7vyM,eSNEiqOgZ03
1857,AOjHKsS7vyM,Jy5IeplgNcs
1858,AOjHKsS7vyM,VgMvVNtkUPv
1859,AOjHKsS7vyM,Fh2PZJLtV3U
1860,AOjHKsS7vyM,bOIEbuipQ0H
1861,AOjHKsS7vyM,p3TAhB2UZiS
1862,AOjHKsS7vyM,xvR3x8vLvRK
1863,AOjHKsS7vyM,efl41btBUk9
1864,AOjHKsS7vyM,ccisVG8SxHv
1865,AOjHKsS7vyM,ZG21E9j1Bod
1866,AOjHKsS7vyM,UdeU9gsKqI3
1867,AOjHKsS7vyM,DI0hjMRK5Zh
1868,AOjHKsS7vyM,ov2i9IayA9m
1869,AOjHKsS7vyM,qX0d8PnsJvA
1870,AOjHKsS7vyM,WkldENuMjt8
1871,AOjHKsS7vyM,z9OAlfoLrhF
1872,AOjHKsS7vyM,xhGDprZjJIy
1873,AOjHKsS7vyM,KMjCdte3nlv
1874,AOjHKsS7vyM,ameRGjO5AW3
1875,AOjHKsS7vyM,LncgC06sQdO
1876,AOjHKsS7vyM,LQQ8pGWtkiH
1877,AOjHKsS7vyM,UXnM8Pm6vP0
1878,AOjHKsS7vyM,ksXHrNHHHtY
1879,AOjHKsS7vyM,bfTAqApCiIb
1880,AOjHKsS7vyM,nm7Wxy7HTuy
1881,AOjHKsS7vyM,o9EG0vv4RnO
1882,AOjHKsS7vyM,rZLHuzg0Ayi
1883,AOjHKsS7vyM,KrzsPmVyImR
1884,AOjHKsS7vyM,Xyw52ZcXySb
1885,AOjHKsS7vyM,rkY5vfbP0SS
1886,AOjHKsS7vyM,Fs6BHLQjg0X
1887,AOjHKsS7vyM,ynUrqiup3kq
1888,AOjHKsS7vyM,jyFTrTgVa4f
1889,AOjHKsS7vyM,Q4x8VVc7mIr
1890,AOjHKsS7vyM,gc1jRPFfixe
1891,AOjHKsS7vyM,O5LjnhjNuTx
1892,AOjHKsS7vyM,ZFaU7TaQRZp
1893,AOjHKsS7vyM,FbXf2g4uhos
1894,AOjHKsS7vyM,iCcPaU1SKnO
1895,AOjHKsS7vyM,gKitHl8ew3R
1896,AOjHKsS7vyM,Ac7sRwrAia6
1897,AOjHKsS7vyM,l6wDtNtWMD6
1898,b97pHj26X0h,HllvX50cXC0
1899,fhApW96IgLz,HllvX50cXC0
1900,U7TQSXiSDh3,HllvX50cXC0
1901,f0vomwcIhSf,HllvX50cXC0
1902,XxiY4tHbl2Z,HllvX50cXC0
1903,toZpoxPTChY,j08vF9Q3MtR
1904,toZpoxPTChY,zATcqMicCq6
1905,toZpoxPTChY,S5jKvo4zK92
1906,toZpoxPTChY,JT7ZfsZzRC7
1907,toZpoxPTChY,cX3nLMMtk8a
1908,toZpoxPTChY,pFKnh5wE23R
1909,toZpoxPTChY,HvgRiNVsRdp
1910,toZpoxPTChY,XX7Uh0aJaSv
1911,toZpoxPTChY,preyOH6yQyj
1912,toZpoxPTChY,HAIojac4Pi7
1913,SBvaim9xwji,u61PsXzKvDB
1914,SBvaim9xwji,kFencUvCZfb
1915,SBvaim9xwji,G9wvEIMSGmO
1916,SBvaim9xwji,yR9K2nXGDJs
1917,SBvaim9xwji,yUnt7ColJ7X
1918,SBvaim9xwji,QtnSI2zMzc0
1919,EXX2b97lU8Q,HllvX50cXC0
1920,DE64n22luZt,HllvX50cXC0
1921,OOsYcFK5YbS,HllvX50cXC0
1922,eX8nrnBi2Sv,HllvX50cXC0
1923,O99eTAouZvL,HllvX50cXC0
1924,I9mOZypWPiC,HllvX50cXC0
1925,xD0bQSWLu2t,HllvX50cXC0
1926,EOBdlb6pkLx,j08vF9Q3MtR
1927,EOBdlb6pkLx,zATcqMicCq6
1928,EOBdlb6pkLx,S5jKvo4zK92
1929,EOBdlb6pkLx,JT7ZfsZzRC7
1930,EOBdlb6pkLx,cX3nLMMtk8a
1931,EOBdlb6pkLx,pFKnh5wE23R
1932,EOBdlb6pkLx,HvgRiNVsRdp
1933,EOBdlb6pkLx,XX7Uh0aJaSv
1934,EOBdlb6pkLx,preyOH6yQyj
1935,EOBdlb6pkLx,HAIojac4Pi7
1936,bb7858UYVhK,HllvX50cXC0
1937,DC0x3PfbDCB,BeRF3zMEZbH
1938,DC0x3PfbDCB,VtGL2a02Zdy
1939,DC0x3PfbDCB,tNcj45HOMtN
1940,DC0x3PfbDCB,zeiKRhhLTgG
1941,DC0x3PfbDCB,S0V1yKFSmIK
1942,DC0x3PfbDCB,G00QudFigfT
1943,DC0x3PfbDCB,onPBAc3DQta
1944,DC0x3PfbDCB,WzRVmX4LwLX
1945,DC0x3PfbDCB,e76NoYiPLJD
1946,srFuDYplT9H,HllvX50cXC0
1947,xPtOdRdjbze,HllvX50cXC0
1948,LV7Qudb9E7J,HllvX50cXC0
1949,oQaSsMm7fqW,HllvX50cXC0
1950,rKVy7AdYoFB,HllvX50cXC0
1951,Fa9hodskeJ9,HllvX50cXC0
1952,PL5GgsqbGr7,HllvX50cXC0
1953,dmlmELeuSyP,aAUl3oSbjQ0
1954,dmlmELeuSyP,AW4Ucr9cP3D
1955,dmlmELeuSyP,bsWpmeFDgne
1956,dmlmELeuSyP,u6Uplq3k5YQ
1957,dmlmELeuSyP,PITMNJLqPqE
1958,dmlmELeuSyP,QlHR7KnnOR6
1959,dmlmELeuSyP,xpsDbGdb4fQ
1960,dmlmELeuSyP,ryel4bxsuJn
1961,dmlmELeuSyP,ggMgnrX4JOu
1962,YHvInhasswm,HllvX50cXC0
1963,T042dWDJUI4,HllvX50cXC0
1964,G0NxD60y255,HllvX50cXC0
1965,RbzDr6tksXF,HllvX50cXC0
1966,HNIGPbNjTS1,HllvX50cXC0
1967,n4jHjVzHDpL,HllvX50cXC0
1968,bf1COdgT1ut,HllvX50cXC0
1969,wx0vmw3ieey,HllvX50cXC0
1970,zKXmXrAoihi,HllvX50cXC0
1971,qPPkRwNbQLK,aAUl3oSbjQ0
1972,qPPkRwNbQLK,AW4Ucr9cP3D
1973,qPPkRwNbQLK,bsWpmeFDgne
1974,qPPkRwNbQLK,u6Uplq3k5YQ
1975,qPPkRwNbQLK,PITMNJLqPqE
1976,qPPkRwNbQLK,QlHR7KnnOR6
1977,qPPkRwNbQLK,xpsDbGdb4fQ
1978,qPPkRwNbQLK,ryel4bxsuJn
1979,qPPkRwNbQLK,ggMgnrX4JOu
1980,YpMOS6ALssw,HllvX50cXC0
1981,jz4R6FGAptf,HllvX50cXC0
1982,Rjq1EHY10g6,HllvX50cXC0
1983,P8wR4WH0xvv,HllvX50cXC0
1984,d7WNL2v8xyN,u61PsXzKvDB
1985,d7WNL2v8xyN,kFencUvCZfb
1986,d7WNL2v8xyN,G9wvEIMSGmO
1987,d7WNL2v8xyN,yR9K2nXGDJs
1988,d7WNL2v8xyN,yUnt7ColJ7X
1989,d7WNL2v8xyN,QtnSI2zMzc0
1990,Lu8Wj3NJNCj,HllvX50cXC0
1991,tvOutAcRbNB,HllvX50cXC0
1992,U0HoNLueK9m,HllvX50cXC0
1993,wTdG6nnYMj4,HllvX50cXC0
1994,tqarc2TinGp,HllvX50cXC0
1995,lAY0XbxnemJ,HllvX50cXC0
1996,a59ozSxc5Nf,HllvX50cXC0
