id,section_id,section_name,hmis_code,dataelement,hmis_name,dataset_id,dataset_code,dataset_name
1,2.1,Antenatal,AN01A,Q9nSogNmKPt,ANC 1st Visit for women,ic1BSWhGOso,HMIS1052,"HMIS 105:02-03 - OPD Monthly Report (MCH, FP, EID, EPI & HEPB)"
2,2.1,Antenatal,AN01b,uUYRrEU5iOB,ANC 1st contacts/ visits for women - No. in 1st Trimester,ic1BSWhGOso,HMIS1052,"HMIS 105:02-03 - OPD Monthly Report (MCH, FP, EID, EPI & HEPB)"
3,2.1,Antenatal,AN02,RnLOFSYaAhp,ANC 4th Visit for women,ic1BSWhGOso,HMIS1052,"HMIS 105:02-03 - OPD Monthly Report (MCH, FP, EID, EPI & HEPB)"
4,2.1,Antenatal,AN03,xzZZOy6cmr8,ANC 8 contacts/ visits for Women,ic1BSWhGOso,HMIS1052,"HMIS 105:02-03 - OPD Monthly Report (MCH, FP, EID, EPI & HEPB)"
5,2.1,Antenatal,AN04,PaceRdSpmgy,Total ANC contacts/visits,ic1BSWhGOso,HMIS1052,"HMIS 105:02-03 - OPD Monthly Report (MCH, FP, EID, EPI & HEPB)"
6,2.1,Antenatal,AN05,YSqKuHTabCd,Referrals to ANC unit,ic1BSWhGOso,HMIS1052,"HMIS 105:02-03 - OPD Monthly Report (MCH, FP, EID, EPI & HEPB)"
7,2.1,Antenatal,AN06A,emMkPnimvFJ,No. of pregnant women who IPT1,ic1BSWhGOso,HMIS1052,"HMIS 105:02-03 - OPD Monthly Report (MCH, FP, EID, EPI & HEPB)"
8,2.1,Antenatal,AN06B,S1wIc5GXHZK,No. of pregnant women who received IPT2,ic1BSWhGOso,HMIS1052,"HMIS 105:02-03 - OPD Monthly Report (MCH, FP, EID, EPI & HEPB)"
9,2.1,Antenatal,AN06C,DuMMAbvDfjn,No. of pregnant women who received IPT3,ic1BSWhGOso,HMIS1052,"HMIS 105:02-03 - OPD Monthly Report (MCH, FP, EID, EPI & HEPB)"
10,2.1,Antenatal,AN06D,ttzUyLDgHSp,No. of pregnant women who received IPT 4 & 4+ Dose,ic1BSWhGOso,HMIS1052,"HMIS 105:02-03 - OPD Monthly Report (MCH, FP, EID, EPI & HEPB)"
11,2.1,Antenatal,AN07A1,pINrjRslNhJ,Blood and Rhesus Group (O) - Rhesus(O+),ic1BSWhGOso,HMIS1052,"HMIS 105:02-03 - OPD Monthly Report (MCH, FP, EID, EPI & HEPB)"
12,2.1,Antenatal,AN07A2,JEguqgKb8EF,No. of pregnant women who were tested for blood grouping - Blood Group (O) -Rhesus O- ,ic1BSWhGOso,HMIS1052,"HMIS 105:02-03 - OPD Monthly Report (MCH, FP, EID, EPI & HEPB)"
13,2.1,Antenatal,AN07B1,hqGqG3XbnJm,Blood and Rhesus Group (A) - Rhesus(A+),ic1BSWhGOso,HMIS1052,"HMIS 105:02-03 - OPD Monthly Report (MCH, FP, EID, EPI & HEPB)"
14,2.1,Antenatal,AN07B2,FozqVr5QFG2,No. of pregnant women who were tested for blood grouping - Blood Group (A) -Rhesus A-,ic1BSWhGOso,HMIS1052,"HMIS 105:02-03 - OPD Monthly Report (MCH, FP, EID, EPI & HEPB)"
15,2.1,Antenatal,AN07C1,mSpP96joalJ,Blood and Rhesus Group (B) - Rhesus(B+),ic1BSWhGOso,HMIS1052,"HMIS 105:02-03 - OPD Monthly Report (MCH, FP, EID, EPI & HEPB)"
16,2.1,Antenatal,AN07C2,t6bnhabqp9j,No. of pregnant women who were tested for blood grouping - Blood Group (B) -Rhesus B-,ic1BSWhGOso,HMIS1052,"HMIS 105:02-03 - OPD Monthly Report (MCH, FP, EID, EPI & HEPB)"
17,2.1,Antenatal,AN07D1,zqCLVFtdnsF,Blood and Rhesus Group (AB) - Rhesus(AB+),ic1BSWhGOso,HMIS1052,"HMIS 105:02-03 - OPD Monthly Report (MCH, FP, EID, EPI & HEPB)"
18,2.1,Antenatal,AN07d2,BSw2fU4pgcR, No. of pregnant women who were tested for blood grouping - Blood Group (AB) Rhesus AB-,ic1BSWhGOso,HMIS1052,"HMIS 105:02-03 - OPD Monthly Report (MCH, FP, EID, EPI & HEPB)"
19,2.1,Antenatal,AN08,Y94ON8bFTQ8,No. of pregnant women who were tested for Anaemia using Hb Test at ANC 1st Contact / visit,ic1BSWhGOso,HMIS1052,"HMIS 105:02-03 - OPD Monthly Report (MCH, FP, EID, EPI & HEPB)"
20,2.1,Antenatal,AN09,tWWiCNRnEFO,No. of pregnant women with Anaemia (Hb <10g/dl) at ANC 1st Contact / visit,ic1BSWhGOso,HMIS1052,"HMIS 105:02-03 - OPD Monthly Report (MCH, FP, EID, EPI & HEPB)"
21,2.1,Antenatal,AN10A,gXwc3cpZbVz,No. of pregnant women receiving atleast 30 Tablets of Folic Acid 0-12 wks of gestation,ic1BSWhGOso,HMIS1052,"HMIS 105:02-03 - OPD Monthly Report (MCH, FP, EID, EPI & HEPB)"
22,2.1,Antenatal,AN10B,nmpvshKHVV5,No. of pregnant women receiving atleast 30 Tablets of Iron & Folic Acid - 13+ wks of gestation,ic1BSWhGOso,HMIS1052,"HMIS 105:02-03 - OPD Monthly Report (MCH, FP, EID, EPI & HEPB)"
23,2.1,Antenatal,AN11,KwdS7TztHf0,Pregnant Women receiving LLINs at ANC 1st visit,ic1BSWhGOso,HMIS1052,"HMIS 105:02-03 - OPD Monthly Report (MCH, FP, EID, EPI & HEPB)"
24,2.1,Antenatal,AN12A,b2KqlfIjy95,No. of pregnant women who received obstetric-ultra sound scan during any ANC visit in the reporting month,ic1BSWhGOso,HMIS1052,"HMIS 105:02-03 - OPD Monthly Report (MCH, FP, EID, EPI & HEPB)"
25,2.1,Antenatal,AN12B,o1WgIrJ0wY4,No. of pregnant women who received obstetric-ultra sound scan during any ANC visit in the reporting month - No. done before 24 weeks of gestation,ic1BSWhGOso,HMIS1052,"HMIS 105:02-03 - OPD Monthly Report (MCH, FP, EID, EPI & HEPB)"
26,2.1,Antenatal,AN13,ioJBfDxPLHi,Pregnant women dewormed or receiving mebendazole,ic1BSWhGOso,HMIS1052,"HMIS 105:02-03 - OPD Monthly Report (MCH, FP, EID, EPI & HEPB)"
27,2.1,Antenatal,AN14A,YYhIhKT43kB,"Pregnant Women tested for syphilis - Total Tested (RX-1, RX-2, RX-3, +Ve-K, +Ve, and -Ve)",ic1BSWhGOso,HMIS1052,"HMIS 105:02-03 - OPD Monthly Report (MCH, FP, EID, EPI & HEPB)"
28,2.1,Antenatal,AN14B,bBmnfOD3Yom,"Pregnant Women tested for syphilis - Tested Positive (RX-1, RX-2, RX-3, +Ve-K, and +Ve)",ic1BSWhGOso,HMIS1052,"HMIS 105:02-03 - OPD Monthly Report (MCH, FP, EID, EPI & HEPB)"
29,2.1,Antenatal,AN14C,GWvftludKFF,"Pregnant Women tested for syphilis - Started on Treatment (RX-1, RX-2, and RX-3)",ic1BSWhGOso,HMIS1052,"HMIS 105:02-03 - OPD Monthly Report (MCH, FP, EID, EPI & HEPB)"
30,2.1,Antenatal,AN15A,vP5CjeYXgbB,"Male partners tested for syphilis Total Tested (RX-1, RX-2, RX-3, +Ve-K, +Ve, and -Ve)",ic1BSWhGOso,HMIS1052,"HMIS 105:02-03 - OPD Monthly Report (MCH, FP, EID, EPI & HEPB)"
31,2.1,Antenatal,AN15B,qX9BvAXohYS,"Male partners tested for syphilis Tested positive (RX-1, RX-2, RX-3, +Ve-K, and +Ve)",ic1BSWhGOso,HMIS1052,"HMIS 105:02-03 - OPD Monthly Report (MCH, FP, EID, EPI & HEPB)"
32,2.1,Antenatal,AN15c,v77TWMygfNd,"Male partners tested for syphilis Started on Treatment (RX-1, RX-2, and RX-3)",ic1BSWhGOso,HMIS1052,"HMIS 105:02-03 - OPD Monthly Report (MCH, FP, EID, EPI & HEPB)"
33,2.1,Antenatal,AN16A,aSlLg1v8apE,No. Pregnant women tested for Hepatitis B - Total Tested ,ic1BSWhGOso,HMIS1052,"HMIS 105:02-03 - OPD Monthly Report (MCH, FP, EID, EPI & HEPB)"
34,2.1,Antenatal,AN16B,mhmGSvRwKlQ,No. Pregnant women tested for Hepatitis B - Tested Positive ,ic1BSWhGOso,HMIS1052,"HMIS 105:02-03 - OPD Monthly Report (MCH, FP, EID, EPI & HEPB)"
35,2.1,Antenatal,AN16c,IAjwniVfvoV,No. Pregnant women tested for Hepatitis B - Tested positive eligible for ARVs for prophylaxis/treatment,ic1BSWhGOso,HMIS1052,"HMIS 105:02-03 - OPD Monthly Report (MCH, FP, EID, EPI & HEPB)"
36,2.1,Antenatal,AN16d,eaANa9weJPs,No. Pregnant women tested for Hepatitis B - Initiated on ARVs,ic1BSWhGOso,HMIS1052,"HMIS 105:02-03 - OPD Monthly Report (MCH, FP, EID, EPI & HEPB)"
37,2.1,Antenatal,AN17A,uALBQG7TFhq,Pregnant women newly tested for HIV in this pregnancy at any ANC visit (NEG & POS),ic1BSWhGOso,HMIS1052,"HMIS 105:02-03 - OPD Monthly Report (MCH, FP, EID, EPI & HEPB)"
38,2.1,Antenatal,AN17B,JFFBnljIWTT,Pregnant women newly tested for HIV in this pregnancy at any ANC visit (NEG & POS) - ANC 1,ic1BSWhGOso,HMIS1052,"HMIS 105:02-03 - OPD Monthly Report (MCH, FP, EID, EPI & HEPB)"
39,2.1,Antenatal,AN18A,uzlQdD84jNj,Pregnant Women tested HIV POS for 1st time this pregnancy at any ANC Visit,ic1BSWhGOso,HMIS1052,"HMIS 105:02-03 - OPD Monthly Report (MCH, FP, EID, EPI & HEPB)"
40,2.1,Antenatal,AN18B,wFmMiaWgMIU,Pregnant Women tested HIV POS for 1st time this pregnancy at any ANC Visit - ANC 1,ic1BSWhGOso,HMIS1052,"HMIS 105:02-03 - OPD Monthly Report (MCH, FP, EID, EPI & HEPB)"
41,2.1,Antenatal,AN19,sq6TGqoX9H0,HIV+ Pregnant women assessed by CD4 - Total,ic1BSWhGOso,HMIS1052,"HMIS 105:02-03 - OPD Monthly Report (MCH, FP, EID, EPI & HEPB)"
42,2.1,Antenatal,AN20a,C0CnyVY3tm8,HIV+ pregnant women receiving ART - Known ART,ic1BSWhGOso,HMIS1052,"HMIS 105:02-03 - OPD Monthly Report (MCH, FP, EID, EPI & HEPB)"
43,2.1,Antenatal,AN20b,ZjQgpP9G7m1,HIV+ pregnant women receiving ART - Newly Initiated,ic1BSWhGOso,HMIS1052,"HMIS 105:02-03 - OPD Monthly Report (MCH, FP, EID, EPI & HEPB)"
44,2.1,Antenatal,AN21,rr3xZKoBXYt,Total Pregnant Women who knew status before 1st ANC,ic1BSWhGOso,HMIS1052,"HMIS 105:02-03 - OPD Monthly Report (MCH, FP, EID, EPI & HEPB)"
45,2.1,Antenatal,AN22,F9kTTMoE00R,Pregnant women who re-tested later in pregnancy - Total,ic1BSWhGOso,HMIS1052,"HMIS 105:02-03 - OPD Monthly Report (MCH, FP, EID, EPI & HEPB)"
46,2.1,Antenatal,AN23A,Y0Gaon8coI0,HIV+ pregnant women - Eligible for a Viral Load during the month,ic1BSWhGOso,HMIS1052,"HMIS 105:02-03 - OPD Monthly Report (MCH, FP, EID, EPI & HEPB)"
47,2.1,Antenatal,AN23B,IZKuxgNUZY2,HIV+ pregnant women- Viral Load Samples collected during the month,ic1BSWhGOso,HMIS1052,"HMIS 105:02-03 - OPD Monthly Report (MCH, FP, EID, EPI & HEPB)"
48,2.1,Antenatal,AN23c,LWE4kU4ttVW,HIV+ pregnant women- Viral Load results returned during the month,ic1BSWhGOso,HMIS1052,"HMIS 105:02-03 - OPD Monthly Report (MCH, FP, EID, EPI & HEPB)"
49,2.1,Antenatal,AN23D,EyFiFBDoISI,HIV+ pregnant women- Viral Load Suppressed during the month,ic1BSWhGOso,HMIS1052,"HMIS 105:02-03 - OPD Monthly Report (MCH, FP, EID, EPI & HEPB)"
50,2.1,Antenatal,AN24A,YJPups0RKU1,Pregnant women given self-testing kits for their male partners - Total,ic1BSWhGOso,HMIS1052,"HMIS 105:02-03 - OPD Monthly Report (MCH, FP, EID, EPI & HEPB)"
51,2.1,Antenatal,AN24B,hMqyyIjGaNj,Pregnant women given self-testing kits for their male partners - Test Returned NEG,ic1BSWhGOso,HMIS1052,"HMIS 105:02-03 - OPD Monthly Report (MCH, FP, EID, EPI & HEPB)"
52,2.1,Antenatal,AN24C,hoCZiI7r0rE,Pregnant women given self-testing kits for their male partners - Test Returned POS,ic1BSWhGOso,HMIS1052,"HMIS 105:02-03 - OPD Monthly Report (MCH, FP, EID, EPI & HEPB)"
53,2.1,Antenatal,AN25,RSWVr1a2ObB,Male partners received HIV test results in eMTCT,ic1BSWhGOso,HMIS1052,"HMIS 105:02-03 - OPD Monthly Report (MCH, FP, EID, EPI & HEPB)"
54,2.1,Antenatal,AN26a,oEEm7UIexXx,HIV+ Male partners receiving ART - Known ART,ic1BSWhGOso,HMIS1052,"HMIS 105:02-03 - OPD Monthly Report (MCH, FP, EID, EPI & HEPB)"
55,2.1,Antenatal,AN26b,qiCmGJdXJ5v,HIV+ Male partners receiving ART - Newly Initiated,ic1BSWhGOso,HMIS1052,"HMIS 105:02-03 - OPD Monthly Report (MCH, FP, EID, EPI & HEPB)"
56,2.1,Antenatal,AN27,fpqDkJLzPhp,Number of discordant couple identified in ANC,ic1BSWhGOso,HMIS1052,"HMIS 105:02-03 - OPD Monthly Report (MCH, FP, EID, EPI & HEPB)"
57,2.1,Antenatal,AN28A,Dhl64dhEcgC,Women assessed for nutrition status - Total,ic1BSWhGOso,HMIS1052,"HMIS 105:02-03 - OPD Monthly Report (MCH, FP, EID, EPI & HEPB)"
58,2.1,Antenatal,AN28B,NviOrEByxIy,Women assessed for nutrition status - Identified Malnourished,ic1BSWhGOso,HMIS1052,"HMIS 105:02-03 - OPD Monthly Report (MCH, FP, EID, EPI & HEPB)"
59,2.1,Antenatal,AN29A,meW1T5n8XV0,TB Screening for ANC Clients-Screened for TB,ic1BSWhGOso,HMIS1052,"HMIS 105:02-03 - OPD Monthly Report (MCH, FP, EID, EPI & HEPB)"
60,2.1,Antenatal,AN29B,tlCReAq4tXE,TB Screening for ANC clients - Presumed to have TB,ic1BSWhGOso,HMIS1052,"HMIS 105:02-03 - OPD Monthly Report (MCH, FP, EID, EPI & HEPB)"
61,2.1,Antenatal,AN29C,JCM6Bf7sFdB,TB Screening for ANC clients - Diagnosed with  TB,ic1BSWhGOso,HMIS1052,"HMIS 105:02-03 - OPD Monthly Report (MCH, FP, EID, EPI & HEPB)"
62,2.1,Antenatal,AN30,OAE0djM31JL,IV+ pregnant women given ARV prophylaxis for the un born infants for the 1st time in ANC,ic1BSWhGOso,HMIS1052,"HMIS 105:02-03 - OPD Monthly Report (MCH, FP, EID, EPI & HEPB)"
63,2.1,Antenatal,AN31,trSb0o79D5U,Male partners with a known status at their first visit as a couple in ANC - Total,ic1BSWhGOso,HMIS1052,"HMIS 105:02-03 - OPD Monthly Report (MCH, FP, EID, EPI & HEPB)"
64,2.2,Maternity,MA01,JY0M7eC2N42,Admissions,ic1BSWhGOso,HMIS1052,"HMIS 105:02-03 - OPD Monthly Report (MCH, FP, EID, EPI & HEPB)"
65,2.2,Maternity,MA02A,AGmXoLiT89x,Referrals to maternity unit - Total,ic1BSWhGOso,HMIS1052,"HMIS 105:02-03 - OPD Monthly Report (MCH, FP, EID, EPI & HEPB)"
66,2.2,Maternity,MA02B,TMF6CkVvMuD,Referrals to maternity unit - From community,ic1BSWhGOso,HMIS1052,"HMIS 105:02-03 - OPD Monthly Report (MCH, FP, EID, EPI & HEPB)"
67,2.2,Maternity,MA03,YNqGVS6GEyo,Referrals from maternity,ic1BSWhGOso,HMIS1052,"HMIS 105:02-03 - OPD Monthly Report (MCH, FP, EID, EPI & HEPB)"
68,2.2,Maternity,MA04,idXOxt69W0e,Total deliveries in the unit,ic1BSWhGOso,HMIS1052,"HMIS 105:02-03 - OPD Monthly Report (MCH, FP, EID, EPI & HEPB)"
69,2.2,Maternity,MA05A1,fEz9wGsA6YU,Births in the unit - Live births Total,ic1BSWhGOso,HMIS1052,"HMIS 105:02-03 - OPD Monthly Report (MCH, FP, EID, EPI & HEPB)"
70,2.2,Maternity,MA05A2,P1MyPWVxi5T,Births in the unit - Live births < 2.5 Kg,ic1BSWhGOso,HMIS1052,"HMIS 105:02-03 - OPD Monthly Report (MCH, FP, EID, EPI & HEPB)"
71,2.2,Maternity,MA05B1,T8W0wbzErSF,Births in the unit - Fresh Still birth Total,ic1BSWhGOso,HMIS1052,"HMIS 105:02-03 - OPD Monthly Report (MCH, FP, EID, EPI & HEPB)"
72,2.2,Maternity,MA05B2,bl6lQqygEK1,Births in the unit - Fresh Still birth < 2.5 Kg,ic1BSWhGOso,HMIS1052,"HMIS 105:02-03 - OPD Monthly Report (MCH, FP, EID, EPI & HEPB)"
73,2.2,Maternity,MA05C1,ULL9lX3DO7V,Births in the unit - Macerated still birth Total,ic1BSWhGOso,HMIS1052,"HMIS 105:02-03 - OPD Monthly Report (MCH, FP, EID, EPI & HEPB)"
74,2.2,Maternity,MA05C2,MzqiroyuhJh,Births in the unit - Macerated still birth < 2.5 Kg,ic1BSWhGOso,HMIS1052,"HMIS 105:02-03 - OPD Monthly Report (MCH, FP, EID, EPI & HEPB)"
75,2.2,Maternity,MA06A,jSoIv4DItaH,Mothers admitted with preterm labour - Total,ic1BSWhGOso,HMIS1052,"HMIS 105:02-03 - OPD Monthly Report (MCH, FP, EID, EPI & HEPB)"
76,2.2,Maternity,MA06B,ggpPDJ3rI0X,Mothers admitted with preterm labour - Given Corticosteroids,ic1BSWhGOso,HMIS1052,"HMIS 105:02-03 - OPD Monthly Report (MCH, FP, EID, EPI & HEPB)"
77,2.2,Maternity,MA07A,WX0V1OdNB4i,Pre-terms births in the unit - Total,ic1BSWhGOso,HMIS1052,"HMIS 105:02-03 - OPD Monthly Report (MCH, FP, EID, EPI & HEPB)"
78,2.2,Maternity,MA07B,ZxL2RoPyzOq,Pre-terms births in the unit - ALive,ic1BSWhGOso,HMIS1052,"HMIS 105:02-03 - OPD Monthly Report (MCH, FP, EID, EPI & HEPB)"
79,2.2,Maternity,MA08,X6rK1GHbLYp,No. of low birth weight babies (<2.5 Kg) initiated on kangaroo (KMC),ic1BSWhGOso,HMIS1052,"HMIS 105:02-03 - OPD Monthly Report (MCH, FP, EID, EPI & HEPB)"
80,2.2,Maternity,MA09,H1oTelCAQry,Live babies at discharge,ic1BSWhGOso,HMIS1052,"HMIS 105:02-03 - OPD Monthly Report (MCH, FP, EID, EPI & HEPB)"
81,2.2,Maternity,MA10,hflXW2kyPa9,Babies received LLIN,ic1BSWhGOso,HMIS1052,"HMIS 105:02-03 - OPD Monthly Report (MCH, FP, EID, EPI & HEPB)"
82,2.2,Maternity,MA11,zjOp4RKLogP,Babies born with defect,ic1BSWhGOso,HMIS1052,"HMIS 105:02-03 - OPD Monthly Report (MCH, FP, EID, EPI & HEPB)"
83,2.2,Maternity,MA11A,vfpZ4FqOTwm,Total number of Babies born with defects - Club Foot,ic1BSWhGOso,HMIS1052,"HMIS 105:02-03 - OPD Monthly Report (MCH, FP, EID, EPI & HEPB)"
84,2.2,Maternity,MA11B,sGxfXHTmRGN,Total number of Babies born with defects - Other Defects,ic1BSWhGOso,HMIS1052,"HMIS 105:02-03 - OPD Monthly Report (MCH, FP, EID, EPI & HEPB)"
85,2.2,Maternity,MA12,oYyevZODdQp,Newborn deaths,ic1BSWhGOso,HMIS1052,"HMIS 105:02-03 - OPD Monthly Report (MCH, FP, EID, EPI & HEPB)"
86,2.2,Maternity,MA13,F8Iz6QcexWB,Maternal deaths,ic1BSWhGOso,HMIS1052,"HMIS 105:02-03 - OPD Monthly Report (MCH, FP, EID, EPI & HEPB)"
87,2.2,Maternity,MA14A,XXZZbU4B2N3,Mothers who initiated breastfeeding within the 1st hour after delivery - Total,ic1BSWhGOso,HMIS1052,"HMIS 105:02-03 - OPD Monthly Report (MCH, FP, EID, EPI & HEPB)"
88,2.2,Maternity,MA14B,PNG0YDb6dpy,Mothers who initiated breastfeeding within the 1st hour after delivery - HIV POS,ic1BSWhGOso,HMIS1052,"HMIS 105:02-03 - OPD Monthly Report (MCH, FP, EID, EPI & HEPB)"
89,2.2,Maternity,MA15,SPctnmpC7W6,Women tested for HIV in labour 1st time this Pregnancy,ic1BSWhGOso,HMIS1052,"HMIS 105:02-03 - OPD Monthly Report (MCH, FP, EID, EPI & HEPB)"
90,2.2,Maternity,MA16,lqlyPEh4beG,Women re-tested for HIV in labour - Total,ic1BSWhGOso,HMIS1052,"HMIS 105:02-03 - OPD Monthly Report (MCH, FP, EID, EPI & HEPB)"
91,2.2,Maternity,MA17,KDoEmOjpYnL,HIV+ women initiating ART in maternity,ic1BSWhGOso,HMIS1052,"HMIS 105:02-03 - OPD Monthly Report (MCH, FP, EID, EPI & HEPB)"
92,2.2,Maternity,MA18,eHCrSEA2kSy,Male partners received HIV test results in the maternity setting - Total,ic1BSWhGOso,HMIS1052,"HMIS 105:02-03 - OPD Monthly Report (MCH, FP, EID, EPI & HEPB)"
93,2.2,Maternity,MA19,Z2baA5Kr5Uz,HIV+ male partners initiated on ART in the maternity setting,ic1BSWhGOso,HMIS1052,"HMIS 105:02-03 - OPD Monthly Report (MCH, FP, EID, EPI & HEPB)"
94,2.2,Maternity,MA20,nLf9PdXCkDk,Number of discordant couples identified in maternity,ic1BSWhGOso,HMIS1052,"HMIS 105:02-03 - OPD Monthly Report (MCH, FP, EID, EPI & HEPB)"
95,2.2,Maternity,MA21A,wOvonjgfh4b,Total Deliveries to HIV+ women in unit - Total,ic1BSWhGOso,HMIS1052,"HMIS 105:02-03 - OPD Monthly Report (MCH, FP, EID, EPI & HEPB)"
96,2.2,Maternity,MA21B,jHUIBmkOBZs,Deliveries to HIV+ women in unit - Live births,ic1BSWhGOso,HMIS1052,"HMIS 105:02-03 - OPD Monthly Report (MCH, FP, EID, EPI & HEPB)"
97,2.2,Maternity,MA22A,OUGMxrtXxri,HIV Exposed infants given ARVs - Total,ic1BSWhGOso,HMIS1052,"HMIS 105:02-03 - OPD Monthly Report (MCH, FP, EID, EPI & HEPB)"
98,2.2,Maternity,MA22B,vDQ9irTHNbx,HIV-exposed babies given ARVs High-Number of high-risk infants,ic1BSWhGOso,HMIS1052,"HMIS 105:02-03 - OPD Monthly Report (MCH, FP, EID, EPI & HEPB)"
99,2.2,Maternity,MA23,nnmOsAUssg9,No.of babies with Birth asphyxia,ic1BSWhGOso,HMIS1052,"HMIS 105:02-03 - OPD Monthly Report (MCH, FP, EID, EPI & HEPB)"
100,2.2,Maternity,MA24,h5qpxtCVwAp,No. of Live babies Successfully Resuscitated,ic1BSWhGOso,HMIS1052,"HMIS 105:02-03 - OPD Monthly Report (MCH, FP, EID, EPI & HEPB)"
101,2.2,Maternity,MA25A,VBN3wvLEZjW,Received PNC check at 6 hours after birth - Baby,ic1BSWhGOso,HMIS1052,"HMIS 105:02-03 - OPD Monthly Report (MCH, FP, EID, EPI & HEPB)"
102,2.2,Maternity,MA25B,UrX15EcK8BZ,Received PNC check at 6 hours after birth - Mother,ic1BSWhGOso,HMIS1052,"HMIS 105:02-03 - OPD Monthly Report (MCH, FP, EID, EPI & HEPB)"
103,2.2,Maternity,MA26,M77tV9A4jAp,No. of babies who received PNC within 6 hours,ic1BSWhGOso,HMIS1052,"HMIS 105:02-03 - OPD Monthly Report (MCH, FP, EID, EPI & HEPB)"
104,2.2,Maternity,MA26A,WaiJyDDNwE7,Received PNC check within 24 hours after birth - Baby,ic1BSWhGOso,HMIS1052,"HMIS 105:02-03 - OPD Monthly Report (MCH, FP, EID, EPI & HEPB)"
105,2.2,Maternity,MA26B,wPrRIRfODlP,Received PNC check within 24 hours after birth - Mother,ic1BSWhGOso,HMIS1052,"HMIS 105:02-03 - OPD Monthly Report (MCH, FP, EID, EPI & HEPB)"
106,2.2,Maternity,MA27A,nA0w3UvRDpD,Uterotonics used in management of 3rd stage of labour - Oxytocin,ic1BSWhGOso,HMIS1052,"HMIS 105:02-03 - OPD Monthly Report (MCH, FP, EID, EPI & HEPB)"
107,2.2,Maternity,MA27B,IRfdGnNJzGW,Uterotonics used in management of 3rd stage of labour - Misoprostol,ic1BSWhGOso,HMIS1052,"HMIS 105:02-03 - OPD Monthly Report (MCH, FP, EID, EPI & HEPB)"
108,2.2,Maternity,MA27C,qBXjgpcV5zX,Uterotonics used in management of 3rd stage of labour - Heat stable Carbetocin,ic1BSWhGOso,HMIS1052,"HMIS 105:02-03 - OPD Monthly Report (MCH, FP, EID, EPI & HEPB)"
109,2.2,Maternity,MA27D,SxPXVqUFskM,Uterotonics used in management of 3rd stage of labour - Egometrine,ic1BSWhGOso,HMIS1052,"HMIS 105:02-03 - OPD Monthly Report (MCH, FP, EID, EPI & HEPB)"
110,2.2,Maternity,MA28A,PU4JyVtmAYY,No. of women who received Uterotonics as treatment of post partum haemorrhage (PPH)-Oxytocin,ic1BSWhGOso,HMIS1052,"HMIS 105:02-03 - OPD Monthly Report (MCH, FP, EID, EPI & HEPB)"
111,2.2,Maternity,MA28B,hawWpaDwa8v,No. of women who received Uterotonics as treatment of post partum haemorrhage (PPH)-Misoprostol,ic1BSWhGOso,HMIS1052,"HMIS 105:02-03 - OPD Monthly Report (MCH, FP, EID, EPI & HEPB)"
112,2.2,Maternity,MA28C,ziCT29DWKRC,No. of women who received Uterotonics as treatment of post partum haemorrhage (PPH)-Tranexamic,ic1BSWhGOso,HMIS1052,"HMIS 105:02-03 - OPD Monthly Report (MCH, FP, EID, EPI & HEPB)"
113,2.2,Maternity,MA28D,nTMjQrqEa8m,No. of women who received Uterotonics as treatment of post partum haemorrhage (PPH)-Ergometrine,ic1BSWhGOso,HMIS1052,"HMIS 105:02-03 - OPD Monthly Report (MCH, FP, EID, EPI & HEPB)"
114,2.3,Postnatal,PN01,RYcEItpNCUp,Post Natal Attendances - Timing,ic1BSWhGOso,HMIS1052,"HMIS 105:02-03 - OPD Monthly Report (MCH, FP, EID, EPI & HEPB)"
115,2.3,Postnatal,PN02,m8sRWV8h3Z2,Community referrals to PNC,ic1BSWhGOso,HMIS1052,"HMIS 105:02-03 - OPD Monthly Report (MCH, FP, EID, EPI & HEPB)"
116,2.3,Postnatal,PN03A,T7yfGxRzCGs,TB Screening for PNC Clients-Screened for TB,ic1BSWhGOso,HMIS1052,"HMIS 105:02-03 - OPD Monthly Report (MCH, FP, EID, EPI & HEPB)"
117,2.3,Postnatal,PN03B,Ex31WlJUSqs,TB Screening for PNC Clients-Presumed to have TB,ic1BSWhGOso,HMIS1052,"HMIS 105:02-03 - OPD Monthly Report (MCH, FP, EID, EPI & HEPB)"
118,2.3,Postnatal,PN03C,SuoC1635LA8,TB Screening for PNC Clients-Diagnosed with TB,ic1BSWhGOso,HMIS1052,"HMIS 105:02-03 - OPD Monthly Report (MCH, FP, EID, EPI & HEPB)"
119,2.3,Postnatal,PN04,L0kzvUuDu0M,Breast feeding mothers tested for HIV 1st time during Postnatal,ic1BSWhGOso,HMIS1052,"HMIS 105:02-03 - OPD Monthly Report (MCH, FP, EID, EPI & HEPB)"
120,2.3,Postnatal,PN05,Bqwt1lhWVNY,Breastfeeding mothers re-tested for HIV during Postnatal,ic1BSWhGOso,HMIS1052,"HMIS 105:02-03 - OPD Monthly Report (MCH, FP, EID, EPI & HEPB)"
121,2.3,Postnatal,PN06,kGC9MVJppnk,HIV+ women initiating ART in Postnatal,ic1BSWhGOso,HMIS1052,"HMIS 105:02-03 - OPD Monthly Report (MCH, FP, EID, EPI & HEPB)"
122,2.3,Postnatal,PN07,sKjCZM59XnB,HIV+ breast feeding mothers newly enrolled in MCH groups,ic1BSWhGOso,HMIS1052,"HMIS 105:02-03 - OPD Monthly Report (MCH, FP, EID, EPI & HEPB)"
123,2.3,Postnatal,PN08,bVOnb8GrpHA,Mother-baby pairs enrolled at Mother-Baby care point,ic1BSWhGOso,HMIS1052,"HMIS 105:02-03 - OPD Monthly Report (MCH, FP, EID, EPI & HEPB)"
124,2.3,Postnatal,PN09,KuJuECNX5PL,Male partners received HIV test results in the postnatal setting,ic1BSWhGOso,HMIS1052,"HMIS 105:02-03 - OPD Monthly Report (MCH, FP, EID, EPI & HEPB)"
125,2.3,Postnatal,PN10,MhjBKi2d8uz,HIV+ male partners initiated on ART in the postnatal setting,ic1BSWhGOso,HMIS1052,"HMIS 105:02-03 - OPD Monthly Report (MCH, FP, EID, EPI & HEPB)"
126,2.3,Postnatal,PN11A,jT8xasuFQKx,Breast feeding mother given self-testing kits for their male partners - Total,ic1BSWhGOso,HMIS1052,"HMIS 105:02-03 - OPD Monthly Report (MCH, FP, EID, EPI & HEPB)"
127,2.3,Postnatal,PN11B,qR5nmJekYKc,Breast feeding mothers given self-testing kits for their male partners-Tests returned HIV POS,ic1BSWhGOso,HMIS1052,"HMIS 105:02-03 - OPD Monthly Report (MCH, FP, EID, EPI & HEPB)"
128,2.3,Postnatal,PN11C,nFnWRksZmwa,Breast feeding mothers given self-testing kits for their male partners-Tests returned HIV NEG,ic1BSWhGOso,HMIS1052,"HMIS 105:02-03 - OPD Monthly Report (MCH, FP, EID, EPI & HEPB)"
129,2.3,Postnatal,PN12,IgfY3xqa8An,Discordant couples identified in PNC,ic1BSWhGOso,HMIS1052,"HMIS 105:02-03 - OPD Monthly Report (MCH, FP, EID, EPI & HEPB)"
130,2.3,Postnatal,PN13A,eWYmABy3bIe,Clients screened for cancer of the breast,ic1BSWhGOso,HMIS1052,"HMIS 105:02-03 - OPD Monthly Report (MCH, FP, EID, EPI & HEPB)"
131,2.3,Postnatal,PN13B,Vk9STlQlW3h,Clients with pre-malignant conditions of breast,ic1BSWhGOso,HMIS1052,"HMIS 105:02-03 - OPD Monthly Report (MCH, FP, EID, EPI & HEPB)"
132,2.3,Postnatal,PN14A,tA2bFyzLtwd,Clients screened for cancer of the cervix,ic1BSWhGOso,HMIS1052,"HMIS 105:02-03 - OPD Monthly Report (MCH, FP, EID, EPI & HEPB)"
133,2.3,Postnatal,PN14B,vkmkqpYTJtF,Clients with pre-malignant conditions of cervix,ic1BSWhGOso,HMIS1052,"HMIS 105:02-03 - OPD Monthly Report (MCH, FP, EID, EPI & HEPB)"
134,2.3,Postnatal,PN15A,TkPGLLgBpWR,Lactating mothers who received Nutritional assessment - Total,ic1BSWhGOso,HMIS1052,"HMIS 105:02-03 - OPD Monthly Report (MCH, FP, EID, EPI & HEPB)"
135,2.3,Postnatal,PN15B,AAjeczxMEya,Lactating mothers who received Nutritional assessment-MAM,ic1BSWhGOso,HMIS1052,"HMIS 105:02-03 - OPD Monthly Report (MCH, FP, EID, EPI & HEPB)"
136,2.3,Postnatal,PN15C,Ou7FJO6b9NV,Lactating mothers who received Nutritional assessment-SAM,ic1BSWhGOso,HMIS1052,"HMIS 105:02-03 - OPD Monthly Report (MCH, FP, EID, EPI & HEPB)"
137,2.3,Postnatal,PN15D,kVxxrDU9QrQ,Lactating mothers who received Nutritional assessment - HIV POS,ic1BSWhGOso,HMIS1052,"HMIS 105:02-03 - OPD Monthly Report (MCH, FP, EID, EPI & HEPB)"
138,2.3,Postnatal,PN16A,xRxZO1aNgZF,Post natal mothers who received Counselling (Maternal Nutritional) - Total,ic1BSWhGOso,HMIS1052,"HMIS 105:02-03 - OPD Monthly Report (MCH, FP, EID, EPI & HEPB)"
139,2.3,Postnatal,PN16B,fwaRB9ATrjL,Post natal mothers who received Counselling (Maternal Nutritional) - HIV+,ic1BSWhGOso,HMIS1052,"HMIS 105:02-03 - OPD Monthly Report (MCH, FP, EID, EPI & HEPB)"
140,2.3,Postnatal,PN16C,trP08zhfCdq,Post natal mothers who received Counselling (Infant Feeding ) - Total,ic1BSWhGOso,HMIS1052,"HMIS 105:02-03 - OPD Monthly Report (MCH, FP, EID, EPI & HEPB)"
141,2.3,Postnatal,PN16d,SN7YiTOT5ic,Post natal mothers who received Counselling (Infant Feeding ) - HIV+,ic1BSWhGOso,HMIS1052,"HMIS 105:02-03 - OPD Monthly Report (MCH, FP, EID, EPI & HEPB)"
142,2.4.1,Family Planning Visits,FP01,KyRHSYKxihH,Combined Oral Contraceptives Pills (COCs),ic1BSWhGOso,HMIS1052,"HMIS 105:02-03 - OPD Monthly Report (MCH, FP, EID, EPI & HEPB)"
143,2.4.1,Family Planning Visits,FP02,dyfJZ2Llr6F,Progesterone Only Pills (POP),ic1BSWhGOso,HMIS1052,"HMIS 105:02-03 - OPD Monthly Report (MCH, FP, EID, EPI & HEPB)"
144,2.4.1,Family Planning Visits,FP03,qSe7OiDB18A,Emergency Contraceptive Pills (ECP),ic1BSWhGOso,HMIS1052,"HMIS 105:02-03 - OPD Monthly Report (MCH, FP, EID, EPI & HEPB)"
145,2.4.1,Family Planning Visits,FP04,ZVKD2XRg6Ab,Injectable DMPA Intramuscular (3 months),ic1BSWhGOso,HMIS1052,"HMIS 105:02-03 - OPD Monthly Report (MCH, FP, EID, EPI & HEPB)"
146,2.4.1,Family Planning Visits,FP05,oAqoPQkEf2z,Injectable DMPA Subcutaneous (3 months),ic1BSWhGOso,HMIS1052,"HMIS 105:02-03 - OPD Monthly Report (MCH, FP, EID, EPI & HEPB)"
147,2.4.1,Family Planning Visits,FP06,fCj5K4Xqy7T,3-year Implant,ic1BSWhGOso,HMIS1052,"HMIS 105:02-03 - OPD Monthly Report (MCH, FP, EID, EPI & HEPB)"
148,2.4.1,Family Planning Visits,FP07,pGndkat5h9s,5-year Implant,ic1BSWhGOso,HMIS1052,"HMIS 105:02-03 - OPD Monthly Report (MCH, FP, EID, EPI & HEPB)"
149,2.4.1,Family Planning Visits,FP08,jSQRBvez5Pq,IUD Copper-T,ic1BSWhGOso,HMIS1052,"HMIS 105:02-03 - OPD Monthly Report (MCH, FP, EID, EPI & HEPB)"
150,2.4.1,Family Planning Visits,FP09,zhTC6HT9No1,IUD Hormonal,ic1BSWhGOso,HMIS1052,"HMIS 105:02-03 - OPD Monthly Report (MCH, FP, EID, EPI & HEPB)"
151,2.4.1,Family Planning Visits,FP10,VHi82Mcd77w,FAM-SDM(Cycle Beads),ic1BSWhGOso,HMIS1052,"HMIS 105:02-03 - OPD Monthly Report (MCH, FP, EID, EPI & HEPB)"
152,2.4.1,Family Planning Visits,FP11,ibfLXaygcNS,FAM-LAM,ic1BSWhGOso,HMIS1052,"HMIS 105:02-03 - OPD Monthly Report (MCH, FP, EID, EPI & HEPB)"
153,2.4.1,Family Planning Visits,FP12,HnSiI2XX2Sy,FAM Two Days Method,ic1BSWhGOso,HMIS1052,"HMIS 105:02-03 - OPD Monthly Report (MCH, FP, EID, EPI & HEPB)"
154,2.4.1,Family Planning Visits,FP13,Onpo1O1A7jr,Female condoms,ic1BSWhGOso,HMIS1052,"HMIS 105:02-03 - OPD Monthly Report (MCH, FP, EID, EPI & HEPB)"
155,2.4.1,Family Planning Visits,FP14,bkCFVYMFMed,Male condoms,ic1BSWhGOso,HMIS1052,"HMIS 105:02-03 - OPD Monthly Report (MCH, FP, EID, EPI & HEPB)"
156,2.4.3,FP - Minor Operations,PM01 ,jNpa9MJhPZm,Female sterilization (tubal ligation),ic1BSWhGOso,HMIS1052,"HMIS 105:02-03 - OPD Monthly Report (MCH, FP, EID, EPI & HEPB)"
157,2.4.3,FP - Minor Operations,PM02 ,lUH7AWlsExq,Male sterilization (vasectomy),ic1BSWhGOso,HMIS1052,"HMIS 105:02-03 - OPD Monthly Report (MCH, FP, EID, EPI & HEPB)"
158,2.4.4,FP - Postpartum,PPFP01,nB8riSN0Et8,No. of Mothers who received Family Planning in Postpartum period,ic1BSWhGOso,HMIS1052,"HMIS 105:02-03 - OPD Monthly Report (MCH, FP, EID, EPI & HEPB)"
159,2.4.5,FP - Post Abortion,PAFP01 ,Z7bibzzO0sz,No. of women who received Post Abortion Family Planning,ic1BSWhGOso,HMIS1052,"HMIS 105:02-03 - OPD Monthly Report (MCH, FP, EID, EPI & HEPB)"
160,2.4.7,FP - Integrated Services,FH01A,Zwa7Jhjo9Uk,Cervical Cancer Screening-Total screened,ic1BSWhGOso,HMIS1052,"HMIS 105:02-03 - OPD Monthly Report (MCH, FP, EID, EPI & HEPB)"
161,2.4.7,FP - Integrated Services,FH01B,X6G2WoGb4r3,Cervical Cancer Screening-Number with pre-malignant cancer of the cervix,ic1BSWhGOso,HMIS1052,"HMIS 105:02-03 - OPD Monthly Report (MCH, FP, EID, EPI & HEPB)"
162,2.4.7,FP - Integrated Services,FH02A ,ZhYPYskD4y8,STI Screening in Family Planning - Total Screened,ic1BSWhGOso,HMIS1052,"HMIS 105:02-03 - OPD Monthly Report (MCH, FP, EID, EPI & HEPB)"
163,2.4.7,FP - Integrated Services,FH02B ,pDvYO6T6klX, STI Screening in family Planning - Positive,ic1BSWhGOso,HMIS1052,"HMIS 105:02-03 - OPD Monthly Report (MCH, FP, EID, EPI & HEPB)"
164,2.4.7,FP - Integrated Services,FH03,gtWYJAUCW5C,Number of HIV+ FP Users,ic1BSWhGOso,HMIS1052,"HMIS 105:02-03 - OPD Monthly Report (MCH, FP, EID, EPI & HEPB)"
165,2.6,Child Health Services,CH01,vI52cxgsBNv,Vit A supplement (1st Dose),ic1BSWhGOso,HMIS1052,"HMIS 105:02-03 - OPD Monthly Report (MCH, FP, EID, EPI & HEPB)"
166,2.6,Child Health Services,CH02,A2ZOozUNmDz,Vit A supplement (2nd Dose),ic1BSWhGOso,HMIS1052,"HMIS 105:02-03 - OPD Monthly Report (MCH, FP, EID, EPI & HEPB)"
167,2.6,Child Health Services,CH03,UvXn8H6o487,Deworming (1st Dose),ic1BSWhGOso,HMIS1052,"HMIS 105:02-03 - OPD Monthly Report (MCH, FP, EID, EPI & HEPB)"
168,2.6,Child Health Services,CH04,KAQG7cbFHFA,Deworming (2nd Dose),ic1BSWhGOso,HMIS1052,"HMIS 105:02-03 - OPD Monthly Report (MCH, FP, EID, EPI & HEPB)"
169,2.6,Child Health Services,CH05,XBzzfu55Xh6,Deworming in school (1st Dose),ic1BSWhGOso,HMIS1052,"HMIS 105:02-03 - OPD Monthly Report (MCH, FP, EID, EPI & HEPB)"
170,2.6,Child Health Services,CH06,mYSOfPa97Ej,Deworming in schools (2nd Dose),ic1BSWhGOso,HMIS1052,"HMIS 105:02-03 - OPD Monthly Report (MCH, FP, EID, EPI & HEPB)"
171,2.6.1,HPV Vaccine,VP01,Gtk7tbHfVfj,HPV-Dose ,ic1BSWhGOso,HMIS1052,"HMIS 105:02-03 - OPD Monthly Report (MCH, FP, EID, EPI & HEPB)"
172,2.6.2,Tetanus Vaccine,TD01,oj4ttY118Fg,Td1-Dose 1,ic1BSWhGOso,HMIS1052,"HMIS 105:02-03 - OPD Monthly Report (MCH, FP, EID, EPI & HEPB)"
173,2.6.2,Tetanus Vaccine,TD02,OrKSwpDxQaJ,Td2-Dose 2,ic1BSWhGOso,HMIS1052,"HMIS 105:02-03 - OPD Monthly Report (MCH, FP, EID, EPI & HEPB)"
174,2.6.2,Tetanus Vaccine,TD03,vMZQxa2plDI,Td3-Dose 3,ic1BSWhGOso,HMIS1052,"HMIS 105:02-03 - OPD Monthly Report (MCH, FP, EID, EPI & HEPB)"
175,2.6.2,Tetanus Vaccine,TD04,Jd24EcGuIvS,Td4-Dose 4,ic1BSWhGOso,HMIS1052,"HMIS 105:02-03 - OPD Monthly Report (MCH, FP, EID, EPI & HEPB)"
176,2.6.2,Tetanus Vaccine,TD05,fyTVWlH6jqm,Td5-Dose 5,ic1BSWhGOso,HMIS1052,"HMIS 105:02-03 - OPD Monthly Report (MCH, FP, EID, EPI & HEPB)"
177,2.6.3,Child Immunization,CL01,MxAg9De4cra,BCG,ic1BSWhGOso,HMIS1052,"HMIS 105:02-03 - OPD Monthly Report (MCH, FP, EID, EPI & HEPB)"
178,2.6.3,Child Immunization,CL02,yJgPv7Q9lS1,Hep B zero doze,ic1BSWhGOso,HMIS1052,"HMIS 105:02-03 - OPD Monthly Report (MCH, FP, EID, EPI & HEPB)"
179,2.6.3,Child Immunization,CL03,NYs9Ct3X4FD,Protection At Birth for Td(PAB),ic1BSWhGOso,HMIS1052,"HMIS 105:02-03 - OPD Monthly Report (MCH, FP, EID, EPI & HEPB)"
180,2.6.3,Child Immunization,CL04,eEllJg5kQn6,Polio 0,ic1BSWhGOso,HMIS1052,"HMIS 105:02-03 - OPD Monthly Report (MCH, FP, EID, EPI & HEPB)"
181,2.6.3,Child Immunization,CL05,G4uZN2Y4oAG,Polio 1,ic1BSWhGOso,HMIS1052,"HMIS 105:02-03 - OPD Monthly Report (MCH, FP, EID, EPI & HEPB)"
182,2.6.3,Child Immunization,CL06,Quc9uIBIxk6,Polio 2,ic1BSWhGOso,HMIS1052,"HMIS 105:02-03 - OPD Monthly Report (MCH, FP, EID, EPI & HEPB)"
183,2.6.3,Child Immunization,CL07,HLyPaHaoHSu,Polio 3,ic1BSWhGOso,HMIS1052,"HMIS 105:02-03 - OPD Monthly Report (MCH, FP, EID, EPI & HEPB)"
184,2.6.3,Child Immunization,CL08,ehj9x0CXNN5,IPV1,ic1BSWhGOso,HMIS1052,"HMIS 105:02-03 - OPD Monthly Report (MCH, FP, EID, EPI & HEPB)"
185,2.6.3,Child Immunization,CL09,l8gda1Lshsh,IPV2,ic1BSWhGOso,HMIS1052,"HMIS 105:02-03 - OPD Monthly Report (MCH, FP, EID, EPI & HEPB)"
186,2.6.3,Child Immunization,CL10,Ys31ug5E3f1,DPT-HepB+Hib 1,ic1BSWhGOso,HMIS1052,"HMIS 105:02-03 - OPD Monthly Report (MCH, FP, EID, EPI & HEPB)"
187,2.6.3,Child Immunization,CL11,z1s4aIzf8ga,DPT-HepB+Hib 2,ic1BSWhGOso,HMIS1052,"HMIS 105:02-03 - OPD Monthly Report (MCH, FP, EID, EPI & HEPB)"
188,2.6.3,Child Immunization,CL12,ujs4ipzA4tb,DPT-HepB+Hib 3,ic1BSWhGOso,HMIS1052,"HMIS 105:02-03 - OPD Monthly Report (MCH, FP, EID, EPI & HEPB)"
189,2.6.3,Child Immunization,CL13,NbG01i1Md55,PCV 1,ic1BSWhGOso,HMIS1052,"HMIS 105:02-03 - OPD Monthly Report (MCH, FP, EID, EPI & HEPB)"
190,2.6.3,Child Immunization,CL14,dmSXPXTnV0e,PCV 2,ic1BSWhGOso,HMIS1052,"HMIS 105:02-03 - OPD Monthly Report (MCH, FP, EID, EPI & HEPB)"
191,2.6.3,Child Immunization,CL15,QHawVF72X6E,PCV 3,ic1BSWhGOso,HMIS1052,"HMIS 105:02-03 - OPD Monthly Report (MCH, FP, EID, EPI & HEPB)"
192,2.6.3,Child Immunization,CL16,rDZlacXXUPM,Rotavirus 1 Vaccine,ic1BSWhGOso,HMIS1052,"HMIS 105:02-03 - OPD Monthly Report (MCH, FP, EID, EPI & HEPB)"
193,2.6.3,Child Immunization,CL17,QFolEgl8SEB,Rotavirus 2 Vaccine,ic1BSWhGOso,HMIS1052,"HMIS 105:02-03 - OPD Monthly Report (MCH, FP, EID, EPI & HEPB)"
194,2.6.3,Child Immunization,CL19,umOw6ICceuL,Malaria 1,ic1BSWhGOso,HMIS1052,"HMIS 105:02-03 - OPD Monthly Report (MCH, FP, EID, EPI & HEPB)"
195,2.6.3,Child Immunization,CL20,tYobnmqU9Fk,Malaria 2,ic1BSWhGOso,HMIS1052,"HMIS 105:02-03 - OPD Monthly Report (MCH, FP, EID, EPI & HEPB)"
196,2.6.3,Child Immunization,CL21,xZTA1fYRqy8,Malaria 3,ic1BSWhGOso,HMIS1052,"HMIS 105:02-03 - OPD Monthly Report (MCH, FP, EID, EPI & HEPB)"
197,2.6.3,Child Immunization,CL22,Ln0EgQilDUI,Yellow Fever,ic1BSWhGOso,HMIS1052,"HMIS 105:02-03 - OPD Monthly Report (MCH, FP, EID, EPI & HEPB)"
198,2.6.3,Child Immunization,CL23,WAjgHQVxVVm,Measles (MR1),ic1BSWhGOso,HMIS1052,"HMIS 105:02-03 - OPD Monthly Report (MCH, FP, EID, EPI & HEPB)"
199,2.6.3,Child Immunization,CL24,OG2VmPZSmyv,Fully immunized by 1 year,ic1BSWhGOso,HMIS1052,"HMIS 105:02-03 - OPD Monthly Report (MCH, FP, EID, EPI & HEPB)"
200,2.6.3,Child Immunization,CL25,peXxgiReRrs,Number received LLINs,ic1BSWhGOso,HMIS1052,"HMIS 105:02-03 - OPD Monthly Report (MCH, FP, EID, EPI & HEPB)"
201,2.6.3,Child Immunization,CL26,nOi3WF8kNxD,Malaria 4,ic1BSWhGOso,HMIS1052,"HMIS 105:02-03 - OPD Monthly Report (MCH, FP, EID, EPI & HEPB)"
202,2.6.3,Child Immunization,CL27,yctOQDdXZav,Measles (MR2),ic1BSWhGOso,HMIS1052,"HMIS 105:02-03 - OPD Monthly Report (MCH, FP, EID, EPI & HEPB)"
204,2.6.4,Vaccine Availability,WT01A,JSRCj9aRZcz, BCG - Open Balance,ic1BSWhGOso,HMIS1052,"HMIS 105:02-03 - OPD Monthly Report (MCH, FP, EID, EPI & HEPB)"
205,2.6.4,Vaccine Availability,WT01B,QGoQrfDCKYl, BCG - Received,ic1BSWhGOso,HMIS1052,"HMIS 105:02-03 - OPD Monthly Report (MCH, FP, EID, EPI & HEPB)"
206,2.6.4,Vaccine Availability,WT01C,OdcboRpaL6I, BCG - Closing Balance,ic1BSWhGOso,HMIS1052,"HMIS 105:02-03 - OPD Monthly Report (MCH, FP, EID, EPI & HEPB)"
207,2.6.4,Vaccine Availability,WT01D,OZ4bSvHFF9Y, BCG - Doses Wasted,ic1BSWhGOso,HMIS1052,"HMIS 105:02-03 - OPD Monthly Report (MCH, FP, EID, EPI & HEPB)"
208,2.6.4,Vaccine Availability,WT02A ,mfNGTqKlfpc, Hep B zero doze - Open Balance,ic1BSWhGOso,HMIS1052,"HMIS 105:02-03 - OPD Monthly Report (MCH, FP, EID, EPI & HEPB)"
209,2.6.4,Vaccine Availability,WT02B,I2rc7lEpb7z, Hep B zero doze - Received,ic1BSWhGOso,HMIS1052,"HMIS 105:02-03 - OPD Monthly Report (MCH, FP, EID, EPI & HEPB)"
210,2.6.4,Vaccine Availability,WT02C ,G6RGJzeAQlR, Hep B zero doze - Closing Balance,ic1BSWhGOso,HMIS1052,"HMIS 105:02-03 - OPD Monthly Report (MCH, FP, EID, EPI & HEPB)"
211,2.6.4,Vaccine Availability,WT02D ,HHj0p0Ac8A3, Hep B zero doze - Doses Wasted,ic1BSWhGOso,HMIS1052,"HMIS 105:02-03 - OPD Monthly Report (MCH, FP, EID, EPI & HEPB)"
212,2.6.4,Vaccine Availability,WT03A,ppGkYNMqWX8, Polio(OPV) - Opening Balance,ic1BSWhGOso,HMIS1052,"HMIS 105:02-03 - OPD Monthly Report (MCH, FP, EID, EPI & HEPB)"
213,2.6.4,Vaccine Availability,WT03B,iPWG1C3NTi1, Polio(OPV)  - Received,ic1BSWhGOso,HMIS1052,"HMIS 105:02-03 - OPD Monthly Report (MCH, FP, EID, EPI & HEPB)"
214,2.6.4,Vaccine Availability,WT03C,XQnMR1KMwT5, Polio(OPV)  - Closing Balance,ic1BSWhGOso,HMIS1052,"HMIS 105:02-03 - OPD Monthly Report (MCH, FP, EID, EPI & HEPB)"
215,2.6.4,Vaccine Availability,WT03D,SUmRVIrStBP, Polio(OPV)  - Doses Wasted,ic1BSWhGOso,HMIS1052,"HMIS 105:02-03 - OPD Monthly Report (MCH, FP, EID, EPI & HEPB)"
216,2.6.4,Vaccine Availability,WT04A,noDiieWFh6r, IPV - Opening Balance,ic1BSWhGOso,HMIS1052,"HMIS 105:02-03 - OPD Monthly Report (MCH, FP, EID, EPI & HEPB)"
217,2.6.4,Vaccine Availability,WT04B,lXdHXpzOilO, IPV - Received,ic1BSWhGOso,HMIS1052,"HMIS 105:02-03 - OPD Monthly Report (MCH, FP, EID, EPI & HEPB)"
218,2.6.4,Vaccine Availability,WT04C,BrWcfdYGPXO, IPV - Closing Balance,ic1BSWhGOso,HMIS1052,"HMIS 105:02-03 - OPD Monthly Report (MCH, FP, EID, EPI & HEPB)"
219,2.6.4,Vaccine Availability,WT04D,NjD7qC46klG, IPV - Doses Wasted,ic1BSWhGOso,HMIS1052,"HMIS 105:02-03 - OPD Monthly Report (MCH, FP, EID, EPI & HEPB)"
220,2.6.4,Vaccine Availability,WT05A,q0eJayyV6Js, DPT+HepB+Hib - Opening Balance,ic1BSWhGOso,HMIS1052,"HMIS 105:02-03 - OPD Monthly Report (MCH, FP, EID, EPI & HEPB)"
221,2.6.4,Vaccine Availability,WT05B,FLBA3T25bpz, DPT+HepB+Hib  - Received,ic1BSWhGOso,HMIS1052,"HMIS 105:02-03 - OPD Monthly Report (MCH, FP, EID, EPI & HEPB)"
222,2.6.4,Vaccine Availability,WT05C,mBTn9mI2Hx0, DPT+HepB+Hib  - Closing Balance,ic1BSWhGOso,HMIS1052,"HMIS 105:02-03 - OPD Monthly Report (MCH, FP, EID, EPI & HEPB)"
223,2.6.4,Vaccine Availability,WT05D,Zcw2OCp00oE, DPT+HepB+Hib - Doses Wasted,ic1BSWhGOso,HMIS1052,"HMIS 105:02-03 - OPD Monthly Report (MCH, FP, EID, EPI & HEPB)"
224,2.6.4,Vaccine Availability,WT06A,R0JGyJ4piOh, PCV - Opening Balance,ic1BSWhGOso,HMIS1052,"HMIS 105:02-03 - OPD Monthly Report (MCH, FP, EID, EPI & HEPB)"
225,2.6.4,Vaccine Availability,WT06B,BzBLojjjeRB, PCV - Received,ic1BSWhGOso,HMIS1052,"HMIS 105:02-03 - OPD Monthly Report (MCH, FP, EID, EPI & HEPB)"
226,2.6.4,Vaccine Availability,WT06C,cXy4Pwau1SF, PCV - Closing Balance,ic1BSWhGOso,HMIS1052,"HMIS 105:02-03 - OPD Monthly Report (MCH, FP, EID, EPI & HEPB)"
227,2.6.4,Vaccine Availability,WT06D,a5p50RZM4j8, PCV - Doses Wasted,ic1BSWhGOso,HMIS1052,"HMIS 105:02-03 - OPD Monthly Report (MCH, FP, EID, EPI & HEPB)"
228,2.6.4,Vaccine Availability,WT07A,KBxOZNiR67y, Rotavirus - Opening Balance,ic1BSWhGOso,HMIS1052,"HMIS 105:02-03 - OPD Monthly Report (MCH, FP, EID, EPI & HEPB)"
229,2.6.4,Vaccine Availability,WT07B,xpZ6TjMsme7, Rotavirus - Received,ic1BSWhGOso,HMIS1052,"HMIS 105:02-03 - OPD Monthly Report (MCH, FP, EID, EPI & HEPB)"
230,2.6.4,Vaccine Availability,WT07C,syx0YWdQeAW, Rotavirus - Closing Balance,ic1BSWhGOso,HMIS1052,"HMIS 105:02-03 - OPD Monthly Report (MCH, FP, EID, EPI & HEPB)"
231,2.6.4,Vaccine Availability,WT07D,VUcc4loOjrS, Rotavirus - Doses Wasted,ic1BSWhGOso,HMIS1052,"HMIS 105:02-03 - OPD Monthly Report (MCH, FP, EID, EPI & HEPB)"
232,2.6.4,Vaccine Availability,WT08A,MD2YuRl94Fz, Measles - Opening Balance,ic1BSWhGOso,HMIS1052,"HMIS 105:02-03 - OPD Monthly Report (MCH, FP, EID, EPI & HEPB)"
233,2.6.4,Vaccine Availability,WT08B,W76e0DKlJ4c, Measles - Received,ic1BSWhGOso,HMIS1052,"HMIS 105:02-03 - OPD Monthly Report (MCH, FP, EID, EPI & HEPB)"
234,2.6.4,Vaccine Availability,WT08C,kxwF7G5Sa9i, Measles - Closing Balance,ic1BSWhGOso,HMIS1052,"HMIS 105:02-03 - OPD Monthly Report (MCH, FP, EID, EPI & HEPB)"
235,2.6.4,Vaccine Availability,WT08D,BnJW6UAa9nj, Measles - Doses Wasted,ic1BSWhGOso,HMIS1052,"HMIS 105:02-03 - OPD Monthly Report (MCH, FP, EID, EPI & HEPB)"
236,2.6.4,Vaccine Availability,WT09A,c4DJHtoOxR5, Yellow Fever - Opening Balance,ic1BSWhGOso,HMIS1052,"HMIS 105:02-03 - OPD Monthly Report (MCH, FP, EID, EPI & HEPB)"
237,2.6.4,Vaccine Availability,WT09B,FHnkrOy9cyJ, Yellow Fever - Received,ic1BSWhGOso,HMIS1052,"HMIS 105:02-03 - OPD Monthly Report (MCH, FP, EID, EPI & HEPB)"
238,2.6.4,Vaccine Availability,WT09C,qnUDnMdP4Bl, Yellow Fever - Closing Balance,ic1BSWhGOso,HMIS1052,"HMIS 105:02-03 - OPD Monthly Report (MCH, FP, EID, EPI & HEPB)"
239,2.6.4,Vaccine Availability,WT09D,lnwoasEJlj6, Yellow Fever - Doses Wasted,ic1BSWhGOso,HMIS1052,"HMIS 105:02-03 - OPD Monthly Report (MCH, FP, EID, EPI & HEPB)"
240,2.6.4,Vaccine Availability,WT10A,Vm17iJeYWrM, Td - Opening Balance,ic1BSWhGOso,HMIS1052,"HMIS 105:02-03 - OPD Monthly Report (MCH, FP, EID, EPI & HEPB)"
241,2.6.4,Vaccine Availability,WT10B,rn9w80fi5rI, Td - Received,ic1BSWhGOso,HMIS1052,"HMIS 105:02-03 - OPD Monthly Report (MCH, FP, EID, EPI & HEPB)"
242,2.6.4,Vaccine Availability,WT10C,lmpQmvOtybC, Td - Closing Balance,ic1BSWhGOso,HMIS1052,"HMIS 105:02-03 - OPD Monthly Report (MCH, FP, EID, EPI & HEPB)"
243,2.6.4,Vaccine Availability,WT10D,fTonlL3eWFE, Td - Doses Wasted,ic1BSWhGOso,HMIS1052,"HMIS 105:02-03 - OPD Monthly Report (MCH, FP, EID, EPI & HEPB)"
244,2.6.4,Vaccine Availability,WT11A,gl4CRezThOQ, HPV - Opening Balance,ic1BSWhGOso,HMIS1052,"HMIS 105:02-03 - OPD Monthly Report (MCH, FP, EID, EPI & HEPB)"
245,2.6.4,Vaccine Availability,WT11B,SELnREPYiGs, HPV - Received,ic1BSWhGOso,HMIS1052,"HMIS 105:02-03 - OPD Monthly Report (MCH, FP, EID, EPI & HEPB)"
246,2.6.4,Vaccine Availability,WT11C,S3sJne8SfDt, HPV - Closing Balance,ic1BSWhGOso,HMIS1052,"HMIS 105:02-03 - OPD Monthly Report (MCH, FP, EID, EPI & HEPB)"
247,2.6.4,Vaccine Availability,WT11D,HIRzx2RSpRR, HPV - Doses Wasted,ic1BSWhGOso,HMIS1052,"HMIS 105:02-03 - OPD Monthly Report (MCH, FP, EID, EPI & HEPB)"
248,2.6.4,Vaccine Availability,WT12A,KkO23okGi5a, Malaria - Opening Balance,ic1BSWhGOso,HMIS1052,"HMIS 105:02-03 - OPD Monthly Report (MCH, FP, EID, EPI & HEPB)"
249,2.6.4,Vaccine Availability,WT12B ,ory0dLlfYiD, Malaria - Received,ic1BSWhGOso,HMIS1052,"HMIS 105:02-03 - OPD Monthly Report (MCH, FP, EID, EPI & HEPB)"
250,2.6.4,Vaccine Availability,WT12C,KhS4mq3zNfA, Malaria - Closing Balance,ic1BSWhGOso,HMIS1052,"HMIS 105:02-03 - OPD Monthly Report (MCH, FP, EID, EPI & HEPB)"
251,2.6.4,Vaccine Availability,WT12D ,LwD8GEuedFt, Malaria - Doses Wasted,ic1BSWhGOso,HMIS1052,"HMIS 105:02-03 - OPD Monthly Report (MCH, FP, EID, EPI & HEPB)"
252,3.1,Hepatitis,HB01,K9hRDR2ytjL,Clients tested for HepB,ic1BSWhGOso,HMIS1052,"HMIS 105:02-03 - OPD Monthly Report (MCH, FP, EID, EPI & HEPB)"
253,3.1,Hepatitis,HB02,noIZByyFm0i,Clients tested negative for HepB,ic1BSWhGOso,HMIS1052,"HMIS 105:02-03 - OPD Monthly Report (MCH, FP, EID, EPI & HEPB)"
254,3.1,Hepatitis,HB03A,SXGS1yh9yXz, Clients tested negative for HepB and Vaccinated - 1st Dose (New),ic1BSWhGOso,HMIS1052,"HMIS 105:02-03 - OPD Monthly Report (MCH, FP, EID, EPI & HEPB)"
255,3.1,Hepatitis,HB03B,A4n6FfFK03l, Clients tested negative for HepB and Vaccinated - 2nd Dose (Revisit),ic1BSWhGOso,HMIS1052,"HMIS 105:02-03 - OPD Monthly Report (MCH, FP, EID, EPI & HEPB)"
256,3.1,Hepatitis,HB03C,XSzPyu0shWh, Clients tested negative for HepB and Vaccinated - 3rd Dose (Revisit),ic1BSWhGOso,HMIS1052,"HMIS 105:02-03 - OPD Monthly Report (MCH, FP, EID, EPI & HEPB)"
257,3.1,Hepatitis,HB04,wPHNUK3jrFJ,Clients tested positive for HepB,ic1BSWhGOso,HMIS1052,"HMIS 105:02-03 - OPD Monthly Report (MCH, FP, EID, EPI & HEPB)"
258,3.1,Hepatitis,HB05,KsuTV6MBWCJ,Clients tested positive for HepB and enrolled into care and treatment,ic1BSWhGOso,HMIS1052,"HMIS 105:02-03 - OPD Monthly Report (MCH, FP, EID, EPI & HEPB)"
259,3.1,Hepatitis,HB06,uj3GNOPOI2G,Clients tested positive for HepB and not enrolled into care and treatment,ic1BSWhGOso,HMIS1052,"HMIS 105:02-03 - OPD Monthly Report (MCH, FP, EID, EPI & HEPB)"
260,3.1,Hepatitis,HB07,zwfNxrpIt3C,Persons assessed for HepB treatment effectiveness (viral load suppression),ic1BSWhGOso,HMIS1052,"HMIS 105:02-03 - OPD Monthly Report (MCH, FP, EID, EPI & HEPB)"
261,3.1,Hepatitis,HB08,aW6YFBSBBj3,Persons with HepB effective treatment (viral load suppression),ic1BSWhGOso,HMIS1052,"HMIS 105:02-03 - OPD Monthly Report (MCH, FP, EID, EPI & HEPB)"
262,3.1,Hepatitis,HB09,SqWnhAsv5ov,Pregnant women tested for HepB,ic1BSWhGOso,HMIS1052,"HMIS 105:02-03 - OPD Monthly Report (MCH, FP, EID, EPI & HEPB)"
263,3.1,Hepatitis,HB10,fDQtdis81So,Pregnant women tested positive for HepB,ic1BSWhGOso,HMIS1052,"HMIS 105:02-03 - OPD Monthly Report (MCH, FP, EID, EPI & HEPB)"
264,3.1,Hepatitis,HB11,fnoBIKW7Rah,Pregnant women tested positive for HepB and initiated on HepB treatment (Subset of row 5),ic1BSWhGOso,HMIS1052,"HMIS 105:02-03 - OPD Monthly Report (MCH, FP, EID, EPI & HEPB)"
265,3.1,Hepatitis,HB12,v16fEfMxwO2,Tested for HepC,ic1BSWhGOso,HMIS1052,"HMIS 105:02-03 - OPD Monthly Report (MCH, FP, EID, EPI & HEPB)"
266,3.1,Hepatitis,HB13,H8TeRab2HGY,Tested positive for HepC (Anti-HCV),ic1BSWhGOso,HMIS1052,"HMIS 105:02-03 - OPD Monthly Report (MCH, FP, EID, EPI & HEPB)"
267,3.1,Hepatitis,HB14,Yi0ceCLmBwJ,Confirmed positive for HepC (HCV RNA),ic1BSWhGOso,HMIS1052,"HMIS 105:02-03 - OPD Monthly Report (MCH, FP, EID, EPI & HEPB)"
268,3.1,Hepatitis,HB15,u0pXxXm0jbZ,Tested positive for HCV RNA and enrolled into treatment,ic1BSWhGOso,HMIS1052,"HMIS 105:02-03 - OPD Monthly Report (MCH, FP, EID, EPI & HEPB)"
269,3.1,Hepatitis,HB16,Ydbq5rLMnY1,Persons assessed for HepC sustained viral response (SVR),ic1BSWhGOso,HMIS1052,"HMIS 105:02-03 - OPD Monthly Report (MCH, FP, EID, EPI & HEPB)"
